~iteration~,loss
0,4.74630880355835
1,5.503851890563965
2,5.90097713470459
3,6.108125686645508
4,6.329207420349121
5,6.490326881408691
6,6.544717788696289
7,6.681063175201416
8,6.594449043273926
9,6.702114105224609
10,6.558775901794434
11,6.584348678588867
12,6.601806640625
13,6.469133377075195
14,6.484897613525391
15,6.386496067047119
16,6.2801055908203125
17,6.249760150909424
18,6.22766637802124
19,6.178360462188721
20,6.16384744644165
21,6.115175247192383
22,6.088671684265137
23,6.05855655670166
24,6.060549259185791
25,5.921110153198242
26,5.994996070861816
27,6.027949333190918
28,6.04193115234375
29,5.957008361816406
30,5.933477401733398
31,5.930858135223389
32,5.830366134643555
33,5.9215216636657715
34,5.79019832611084
35,5.850444793701172
36,5.8755903244018555
37,5.766071319580078
38,5.865618705749512
39,5.714722156524658
40,5.729416847229004
41,5.715278625488281
42,5.659152507781982
43,5.777007579803467
44,5.598101615905762
45,5.7592549324035645
46,5.640812397003174
47,5.711436748504639
48,5.679466724395752
49,5.742945194244385
50,5.655431270599365
51,5.683229446411133
52,5.738243103027344
53,5.733438491821289
54,5.534245014190674
55,5.60700798034668
56,5.578211784362793
57,5.808481216430664
58,5.718038558959961
59,5.803722381591797
60,5.72247314453125
61,5.687238693237305
62,5.694370269775391
63,5.5640034675598145
64,5.621608257293701
65,5.669381618499756
66,5.783130645751953
67,5.802561283111572
68,5.7550153732299805
69,5.631231307983398
70,5.723152160644531
71,5.684290885925293
72,5.7220306396484375
73,5.546617031097412
74,5.796077728271484
75,5.6710638999938965
76,5.556789398193359
77,5.682109832763672
78,5.682941913604736
79,5.553466796875
80,5.666677951812744
81,5.636174201965332
82,5.728923797607422
83,5.557926654815674
84,5.7113728523254395
85,5.517681121826172
86,5.667625427246094
87,5.689723014831543
88,5.753643035888672
89,5.662567138671875
90,5.724607944488525
91,5.787984848022461
92,5.794116973876953
93,5.586810111999512
94,5.570250034332275
95,5.586653232574463
96,5.698391914367676
97,5.663190841674805
98,5.67318058013916
99,5.68279504776001
100,5.757124900817871
101,5.688807010650635
102,5.65792989730835
103,5.682431221008301
104,5.6539106369018555
105,5.6787109375
106,5.70294189453125
107,5.689589500427246
108,5.770305633544922
109,5.566585540771484
110,5.775264739990234
111,5.786867141723633
112,5.678430080413818
113,5.74928092956543
114,5.660663604736328
115,5.663886070251465
116,5.694835662841797
117,5.712150573730469
118,5.746888160705566
119,5.772115230560303
120,5.559303283691406
121,5.708178520202637
122,5.840217590332031
123,5.854578495025635
124,5.773662567138672
125,5.784793376922607
126,5.695047378540039
127,5.796461582183838
128,5.764836311340332
129,5.759891510009766
130,5.715569972991943
131,5.875484943389893
132,5.849399566650391
133,5.765557765960693
134,5.802228927612305
135,5.7522077560424805
136,5.752431869506836
137,5.595163822174072
138,5.675936698913574
139,5.68160343170166
140,5.700275897979736
141,5.758561134338379
142,5.702467918395996
143,5.806358337402344
144,5.675385475158691
145,5.768071174621582
146,5.6991424560546875
147,5.793374061584473
148,5.646320343017578
149,5.862757682800293
150,5.837180137634277
151,5.85743522644043
152,5.669150352478027
153,5.783120155334473
154,5.734990119934082
155,5.752735137939453
156,5.803067684173584
157,5.743738174438477
158,5.966177940368652
159,5.773634433746338
160,5.795139312744141
161,5.8776960372924805
162,5.954131126403809
163,5.836387634277344
164,5.864710330963135
165,5.7305169105529785
166,5.742757797241211
167,5.844592571258545
168,5.712996959686279
169,5.666256427764893
170,5.804642200469971
171,5.893339157104492
172,5.820674896240234
173,5.857356071472168
174,5.786957740783691
175,5.902952194213867
176,5.806890487670898
177,5.767976760864258
178,5.906346321105957
179,5.9190216064453125
180,5.724041938781738
181,5.742368698120117
182,5.716012954711914
183,5.8813629150390625
184,5.795375823974609
185,5.74152946472168
186,5.804898262023926
187,5.775534629821777
188,5.754068374633789
189,5.885180473327637
190,5.677353858947754
191,5.826470375061035
192,6.045294284820557
193,5.789640426635742
194,5.7270989418029785
195,5.814533233642578
196,5.825931549072266
197,5.865674018859863
198,5.759061336517334
199,5.770249366760254
200,5.828868865966797
201,5.841162204742432
202,5.823261260986328
203,5.763767719268799
204,5.71270227432251
205,5.826940059661865
206,5.82603645324707
207,5.793848991394043
208,5.762287616729736
209,5.754237174987793
210,5.86328649520874
211,5.799654483795166
212,5.855814456939697
213,5.907589435577393
214,5.731515407562256
215,5.986493110656738
216,5.910194396972656
217,5.907571792602539
218,5.895888328552246
219,5.927063941955566
220,5.767261505126953
221,5.784859657287598
222,5.7758941650390625
223,5.766186237335205
224,5.760739326477051
225,5.9213361740112305
226,5.865351676940918
227,5.965169906616211
228,5.826870918273926
229,5.787026405334473
230,5.796198844909668
231,6.010585784912109
232,5.773609161376953
233,5.906250953674316
234,5.719783782958984
235,5.830702304840088
236,5.859886169433594
237,5.975014686584473
238,5.940516948699951
239,5.864958763122559
240,5.7332916259765625
241,5.885295867919922
242,5.7346720695495605
243,5.895688056945801
244,5.714090347290039
245,5.842942237854004
246,5.801116943359375
247,5.924311637878418
248,5.878039360046387
249,5.66718864440918
250,5.872972011566162
251,5.779461860656738
252,5.806788444519043
253,5.865859031677246
254,5.959784030914307
255,5.87386417388916
256,5.750616550445557
257,5.8022260665893555
258,5.796964168548584
259,5.769679069519043
260,5.877974510192871
261,5.776278972625732
262,5.9187188148498535
263,5.87683629989624
264,5.99598503112793
265,5.890414714813232
266,5.778036117553711
267,5.760422706604004
268,5.942749977111816
269,5.79399299621582
270,5.992108345031738
271,5.949906349182129
272,5.711721420288086
273,5.750868320465088
274,5.898020267486572
275,5.65208625793457
276,5.9044718742370605
277,5.793797492980957
278,5.901782989501953
279,5.783117294311523
280,6.008838176727295
281,5.969964981079102
282,5.8031182289123535
283,5.871707916259766
284,5.8037214279174805
285,5.961353302001953
286,5.822840690612793
287,5.966969966888428
288,5.940518379211426
289,5.755363941192627
290,5.793295383453369
291,5.946944236755371
292,5.842577934265137
293,5.8372721672058105
294,5.737810134887695
295,5.807529449462891
296,5.917652130126953
297,6.053236961364746
298,5.810026168823242
299,5.978307247161865
300,6.046674728393555
301,5.880016326904297
302,5.770809173583984
303,5.798644065856934
304,5.8164520263671875
305,5.847368240356445
306,5.899658203125
307,5.692314147949219
308,5.837011337280273
309,5.843153953552246
310,6.037693500518799
311,5.785272121429443
312,6.046205520629883
313,5.955405235290527
314,5.9936909675598145
315,5.877874851226807
316,5.919292449951172
317,5.679201602935791
318,5.892621040344238
319,5.761403560638428
320,5.804914474487305
321,5.7111124992370605
322,5.805377006530762
323,5.747758388519287
324,5.886634349822998
325,5.878547191619873
326,5.972829818725586
327,5.95528507232666
328,5.6892313957214355
329,5.777343273162842
330,5.818253517150879
331,5.912672996520996
332,5.776440620422363
333,5.869541168212891
334,5.866116523742676
335,5.797865867614746
336,5.96733283996582
337,5.682012557983398
338,5.83393669128418
339,5.799521446228027
340,5.556664943695068
341,5.681977272033691
342,5.993138790130615
343,5.881058692932129
344,5.876073360443115
345,5.908246994018555
346,5.752412796020508
347,5.856184005737305
348,5.916484832763672
349,5.912687301635742
350,5.760950088500977
351,5.890627861022949
352,5.678093433380127
353,5.735414028167725
354,5.857748508453369
355,5.690375328063965
356,5.808160305023193
357,5.985194206237793
358,5.754931449890137
359,5.774669170379639
360,5.898414134979248
361,5.991454124450684
362,5.852635383605957
363,5.973352432250977
364,5.87921667098999
365,5.908050537109375
366,5.868508815765381
367,5.880178451538086
368,5.755898475646973
369,5.771999835968018
370,5.881611347198486
371,5.854104042053223
372,5.74077033996582
373,5.740260124206543
374,5.849737167358398
375,5.766027927398682
376,5.876008987426758
377,5.910120487213135
378,5.602007865905762
379,5.869339942932129
380,6.026643753051758
381,5.905494213104248
382,5.759047508239746
383,5.791697978973389
384,5.896935939788818
385,5.838376045227051
386,5.819890022277832
387,5.738739967346191
388,5.950126647949219
389,5.894987106323242
390,5.786160469055176
391,5.758908271789551
392,5.863222122192383
393,5.7221832275390625
394,5.982556343078613
395,5.715308666229248
396,5.950292587280273
397,5.965086936950684
398,5.749541759490967
399,5.894502639770508
400,5.917352676391602
401,5.902536392211914
402,5.7837419509887695
403,5.882178783416748
404,5.746187210083008
405,5.677952289581299
406,6.121171951293945
407,5.8477582931518555
408,5.649745941162109
409,5.8835954666137695
410,5.846503257751465
411,5.763227462768555
412,5.850693702697754
413,5.877990245819092
414,5.767736434936523
415,5.677221298217773
416,5.826902866363525
417,5.6483917236328125
418,5.9561614990234375
419,5.910256385803223
420,5.792773246765137
421,5.789543151855469
422,5.924295902252197
423,5.86586856842041
424,5.7663679122924805
425,5.794098377227783
426,5.7617950439453125
427,5.715184211730957
428,5.836982727050781
429,5.608118057250977
430,5.825730800628662
431,5.785772800445557
432,5.844185829162598
433,5.801218032836914
434,5.726455211639404
435,5.81559419631958
436,5.774314880371094
437,5.645285129547119
438,5.856081485748291
439,5.629086017608643
440,5.771860599517822
441,5.795983791351318
442,5.774979591369629
443,5.75067138671875
444,5.678553581237793
445,5.845151901245117
446,5.848212242126465
447,5.713240146636963
448,5.749060153961182
449,5.709957122802734
450,5.700046539306641
451,5.681309700012207
452,5.692636489868164
453,5.776790142059326
454,5.840217590332031
455,5.7775983810424805
456,5.845429420471191
457,5.663634300231934
458,5.6718668937683105
459,5.744350433349609
460,5.6689324378967285
461,5.729945182800293
462,5.8779497146606445
463,6.046468734741211
464,5.771580696105957
465,5.961151599884033
466,5.831792831420898
467,5.595193862915039
468,5.702817916870117
469,5.695240020751953
470,5.885862350463867
471,5.866522312164307
472,5.885598182678223
473,5.737873554229736
474,5.780399322509766
475,5.983600616455078
476,5.927594184875488
477,5.835585594177246
478,5.800500392913818
479,5.817424297332764
480,5.934041976928711
481,5.64687442779541
482,5.742928504943848
483,5.712155818939209
484,5.6908674240112305
485,5.790363788604736
486,5.927234649658203
487,5.7968363761901855
488,5.798367500305176
489,5.8351054191589355
490,5.785256862640381
491,5.656143665313721
492,5.6927409172058105
493,5.696402549743652
494,5.931772232055664
495,5.6761474609375
496,5.757647514343262
497,5.751947402954102
498,5.795719146728516
499,5.667652606964111
500,5.775140762329102
501,5.632975101470947
502,5.690433502197266
503,5.870331764221191
504,5.479886531829834
505,5.737027645111084
506,5.743566989898682
507,5.78887414932251
508,5.761168479919434
509,5.789302825927734
510,5.678351402282715
511,5.719644546508789
512,5.600286483764648
513,5.720010757446289
514,5.845377445220947
515,5.727963447570801
516,5.73016357421875
517,5.657861709594727
518,5.706213474273682
519,5.665217876434326
520,5.9435930252075195
521,5.718144416809082
522,5.565099716186523
523,5.775718688964844
524,5.749885559082031
525,5.784523010253906
526,5.770345687866211
527,5.747496604919434
528,5.7415266036987305
529,5.760984897613525
530,5.758721351623535
531,5.641036033630371
532,5.721173286437988
533,5.889947891235352
534,5.440741539001465
535,5.607634544372559
536,5.77029275894165
537,5.625444412231445
538,5.671180248260498
539,5.672798156738281
540,5.653635025024414
541,5.688502311706543
542,5.533572196960449
543,5.712381362915039
544,5.938658714294434
545,5.780282974243164
546,5.541503429412842
547,5.654420852661133
548,5.725980281829834
549,5.880820274353027
550,5.555660247802734
551,5.762426376342773
552,5.74381160736084
553,5.845584869384766
554,5.717253684997559
555,5.698894500732422
556,5.775557518005371
557,5.6504974365234375
558,5.77128791809082
559,5.567850112915039
560,5.749338626861572
561,5.842703819274902
562,5.902727127075195
563,5.589801788330078
564,5.76353120803833
565,5.414434909820557
566,5.347444534301758
567,5.692692279815674
568,5.6978302001953125
569,5.725757598876953
570,5.4785847663879395
571,5.6036224365234375
572,5.569908618927002
573,5.898892402648926
574,5.647830963134766
575,5.723395347595215
576,5.558959007263184
577,5.605663299560547
578,5.80928373336792
579,5.7849507331848145
580,5.674430847167969
581,5.627771377563477
582,5.61951208114624
583,5.889289379119873
584,5.749025821685791
585,5.7442145347595215
586,5.742153167724609
587,5.938276290893555
588,5.625786304473877
589,5.600351810455322
590,5.770843505859375
591,5.708405494689941
592,5.551973342895508
593,5.694766998291016
594,5.813368797302246
595,5.646768093109131
596,5.853513717651367
597,5.669887065887451
598,5.5885515213012695
599,5.675299644470215
600,5.552706718444824
601,5.776217460632324
602,5.677886486053467
603,5.625378608703613
604,5.644311904907227
605,5.6683197021484375
606,5.583488941192627
607,5.562849044799805
608,5.705148696899414
609,5.961330413818359
610,5.725146293640137
611,5.667780876159668
612,5.662975311279297
613,5.758584499359131
614,5.529119491577148
615,5.75837516784668
616,5.541725158691406
617,5.750062942504883
618,5.528277397155762
619,5.634486198425293
620,5.540669918060303
621,5.643522262573242
622,5.576837062835693
623,5.645455360412598
624,5.720302581787109
625,5.6825456619262695
626,5.661696434020996
627,5.704066276550293
628,5.559715270996094
629,5.534854888916016
630,5.559142589569092
631,5.586488723754883
632,5.754065990447998
633,5.724862098693848
634,5.557175636291504
635,5.504158020019531
636,5.786301136016846
637,5.697262287139893
638,5.491966247558594
639,5.702337265014648
640,5.6609649658203125
641,5.528100967407227
642,5.546104431152344
643,5.66773796081543
644,5.612151145935059
645,5.662258148193359
646,5.719171047210693
647,5.654114723205566
648,5.626269340515137
649,5.6705827713012695
650,5.7069091796875
651,5.697376728057861
652,5.674023151397705
653,5.577783584594727
654,5.743095874786377
655,5.617219924926758
656,5.642924785614014
657,6.039043426513672
658,5.569831371307373
659,5.538121223449707
660,5.672231674194336
661,5.465287208557129
662,5.610016345977783
663,5.412921905517578
664,5.514551162719727
665,5.6317901611328125
666,5.757282257080078
667,5.610781669616699
668,5.545842170715332
669,5.725608825683594
670,5.6032233238220215
671,5.722369194030762
672,5.60862398147583
673,5.5524773597717285
674,5.565484046936035
675,5.512491226196289
676,5.680308818817139
677,5.538248062133789
678,5.548576354980469
679,5.628504276275635
680,5.621364593505859
681,5.433730602264404
682,5.563942909240723
683,5.520822525024414
684,5.387786388397217
685,5.5008440017700195
686,5.853487968444824
687,5.53821325302124
688,5.688362121582031
689,5.431372165679932
690,5.6591997146606445
691,5.589299201965332
692,5.667665481567383
693,5.468344688415527
694,5.490048408508301
695,5.6124114990234375
696,5.662102222442627
697,5.424929618835449
698,5.576633453369141
699,5.629814147949219
700,5.546198844909668
701,5.494410514831543
702,5.9391913414001465
703,5.566086769104004
704,5.677950859069824
705,5.527681350708008
706,5.611844062805176
707,5.453579902648926
708,5.495048522949219
709,5.437610626220703
710,5.7336530685424805
711,5.694284915924072
712,5.496500015258789
713,5.546079158782959
714,5.456674575805664
715,5.69071102142334
716,5.637296676635742
717,5.68288516998291
718,5.236064910888672
719,5.621503829956055
720,5.515901565551758
721,5.514039039611816
722,5.412428379058838
723,5.676290988922119
724,5.627035617828369
725,5.592903137207031
726,5.748051643371582
727,5.490447521209717
728,5.617469787597656
729,5.776193618774414
730,5.630749702453613
731,5.7713775634765625
732,5.616972923278809
733,5.734810829162598
734,5.645597457885742
735,5.508013725280762
736,5.544585227966309
737,5.478381156921387
738,5.565197944641113
739,5.515626907348633
740,5.3133392333984375
741,5.652929782867432
742,5.611761569976807
743,5.5555524826049805
744,5.58486795425415
745,5.3475117683410645
746,5.514986991882324
747,5.549116611480713
748,5.578974723815918
749,5.858295440673828
750,5.514718055725098
751,5.533698081970215
752,5.658208847045898
753,5.783512115478516
754,5.613464832305908
755,5.494349479675293
756,5.712022304534912
757,5.4159650802612305
758,5.4267730712890625
759,5.329355239868164
760,5.524257659912109
761,5.413232326507568
762,5.417137622833252
763,5.530714988708496
764,5.339622497558594
765,5.4630446434021
766,5.437511920928955
767,5.479338645935059
768,5.280057907104492
769,5.499284744262695
770,5.46866512298584
771,5.60197639465332
772,5.645455837249756
773,5.623394966125488
774,5.519931316375732
775,5.7302751541137695
776,5.677548408508301
777,5.597095489501953
778,5.443605422973633
779,5.537410736083984
780,5.4338178634643555
781,5.535106658935547
782,5.380216121673584
783,5.389431476593018
784,5.563092231750488
785,5.5535383224487305
786,5.551952362060547
787,5.311212062835693
788,5.4758782386779785
789,5.499961853027344
790,5.533272743225098
791,5.512691497802734
792,5.415414810180664
793,5.382533550262451
794,5.280152320861816
795,5.396341323852539
796,5.738507270812988
797,5.670806407928467
798,5.531047821044922
799,5.313772678375244
800,5.538764953613281
801,5.516580581665039
802,5.454939842224121
803,5.49367618560791
804,5.49176549911499
805,5.422811031341553
806,5.626735687255859
807,5.406661033630371
808,5.407665729522705
809,5.382330417633057
810,5.4575886726379395
811,5.517791748046875
812,5.5910563468933105
813,5.405069351196289
814,5.3364057540893555
815,5.451332092285156
816,5.426419258117676
817,5.5233683586120605
818,5.632631778717041
819,5.608427047729492
820,5.622256755828857
821,5.529576778411865
822,5.444870948791504
823,5.297463417053223
824,5.341882705688477
825,5.304220676422119
826,5.438567161560059
827,5.282990455627441
828,5.586208343505859
829,5.164346694946289
830,5.731473922729492
831,5.475578308105469
832,5.554858207702637
833,5.4948272705078125
834,5.46301794052124
835,5.041538238525391
836,5.456529140472412
837,5.461897850036621
838,5.34260368347168
839,5.503262042999268
840,5.417501926422119
841,5.565389156341553
842,5.424898147583008
843,5.373493194580078
844,5.623586654663086
845,5.6198811531066895
846,5.398087024688721
847,5.461919784545898
848,5.3891096115112305
849,5.370356559753418
850,5.44734525680542
851,5.383173942565918
852,5.33856201171875
853,5.412790298461914
854,5.27479887008667
855,5.661431789398193
856,5.439670562744141
857,5.395047664642334
858,5.438900947570801
859,5.460716247558594
860,5.564040184020996
861,5.387430667877197
862,5.43701171875
863,5.563089370727539
864,5.359129905700684
865,5.248625755310059
866,5.436275005340576
867,5.616881847381592
868,5.168952465057373
869,5.348811149597168
870,5.196315765380859
871,5.297856330871582
872,5.30096435546875
873,5.456750869750977
874,5.416949272155762
875,5.353645324707031
876,5.316367149353027
877,5.4113922119140625
878,5.451651096343994
879,5.124532699584961
880,5.2910542488098145
881,5.4173197746276855
882,5.550427436828613
883,5.588610649108887
884,5.300698280334473
885,5.458358287811279
886,5.1483306884765625
887,5.352505683898926
888,5.383840084075928
889,5.224994659423828
890,5.222476005554199
891,5.288468360900879
892,5.290434837341309
893,5.327541351318359
894,5.28580379486084
895,5.412078380584717
896,5.262159824371338
897,5.360512733459473
898,5.577214241027832
899,5.388779640197754
900,5.306468963623047
901,5.391654968261719
902,5.230294227600098
903,5.480891227722168
904,5.352900981903076
905,5.307666778564453
906,5.68541145324707
907,5.2531633377075195
908,5.281060218811035
909,5.342986106872559
910,5.349316596984863
911,5.426537036895752
912,5.277243614196777
913,5.389735698699951
914,5.279340744018555
915,5.491342544555664
916,5.579778671264648
917,5.324761390686035
918,5.40426778793335
919,5.466042518615723
920,5.293673515319824
921,5.328535079956055
922,5.513674736022949
923,5.319278717041016
924,5.440134525299072
925,5.3433990478515625
926,5.2526397705078125
927,5.44034481048584
928,5.453038692474365
929,5.356904029846191
930,5.2826080322265625
931,5.230611324310303
932,5.380480766296387
933,5.080155372619629
934,5.372518539428711
935,5.316342830657959
936,5.339037895202637
937,5.275446891784668
938,5.328382968902588
939,5.47642707824707
940,5.49555778503418
941,5.324166297912598
942,5.403154373168945
943,5.267627239227295
944,5.192652702331543
945,5.301648139953613
946,5.257396221160889
947,5.375308036804199
948,5.279778957366943
949,5.4833083152771
950,5.408181190490723
951,5.1752519607543945
952,5.353602409362793
953,5.527468681335449
954,5.368011951446533
955,5.273589134216309
956,5.620176792144775
957,5.315651893615723
958,5.405391216278076
959,5.442897796630859
960,5.381840705871582
961,5.090996742248535
962,5.382419586181641
963,5.33419132232666
964,5.230719566345215
965,5.281381607055664
966,5.279653549194336
967,5.21851921081543
968,5.088174819946289
969,5.199043273925781
970,5.323141098022461
971,5.325748920440674
972,5.336971282958984
973,5.171662330627441
974,5.3105549812316895
975,5.254738807678223
976,5.481170654296875
977,5.265139102935791
978,5.255551338195801
979,5.176780700683594
980,5.476220607757568
981,5.436352252960205
982,5.1792192459106445
983,5.59112548828125
984,5.336565971374512
985,5.280105113983154
986,5.274216651916504
987,5.1934380531311035
988,5.1769118309021
989,5.147648811340332
990,5.373703956604004
991,5.233186721801758
992,5.3749284744262695
993,5.13419246673584
994,5.065903663635254
995,5.352619647979736
996,5.313351154327393
997,5.28695011138916
998,5.041836738586426
999,5.3064494132995605
1000,5.176919937133789
1001,5.088221549987793
1002,5.208792209625244
1003,5.090993881225586
1004,5.1443963050842285
1005,5.482226371765137
1006,5.410724639892578
1007,5.211433410644531
1008,5.3208327293396
1009,5.202569007873535
1010,5.120723724365234
1011,5.138022422790527
1012,5.295611381530762
1013,5.246904373168945
1014,5.229624271392822
1015,5.456201076507568
1016,5.293977737426758
1017,5.282646179199219
1018,5.271122455596924
1019,5.0571770668029785
1020,5.298956871032715
1021,5.257248878479004
1022,5.250432968139648
1023,5.389960765838623
1024,5.239664554595947
1025,4.893993377685547
1026,5.268908500671387
1027,5.281598091125488
1028,5.302252769470215
1029,5.325889587402344
1030,5.387361526489258
1031,5.354869842529297
1032,5.264791488647461
1033,5.313298225402832
1034,5.512255668640137
1035,5.2140045166015625
1036,5.109210014343262
1037,4.941717147827148
1038,5.4200520515441895
1039,5.276439189910889
1040,5.157656669616699
1041,5.132742881774902
1042,5.185812950134277
1043,5.125039100646973
1044,5.219387054443359
1045,5.3610453605651855
1046,4.965331077575684
1047,5.146480560302734
1048,5.098072052001953
1049,5.285964012145996
1050,5.073099613189697
1051,5.3055877685546875
1052,5.223116874694824
1053,5.184650421142578
1054,5.31528377532959
1055,5.384659290313721
1056,5.123056888580322
1057,5.118719577789307
1058,5.304044723510742
1059,5.177038192749023
1060,5.3584160804748535
1061,5.182660102844238
1062,5.00974702835083
1063,5.277377128601074
1064,5.221827507019043
1065,5.166100025177002
1066,5.22914981842041
1067,5.002501964569092
1068,5.246135711669922
1069,5.164454936981201
1070,5.406402587890625
1071,5.262794017791748
1072,5.223696231842041
1073,5.339738845825195
1074,5.116238594055176
1075,5.168880462646484
1076,5.375286102294922
1077,5.323997497558594
1078,5.297900199890137
1079,5.259286880493164
1080,5.251031875610352
1081,4.990452766418457
1082,5.130731582641602
1083,5.194830894470215
1084,4.981950759887695
1085,5.154287338256836
1086,5.171085357666016
1087,5.090725898742676
1088,5.194553375244141
1089,5.144308567047119
1090,4.91795015335083
1091,5.106011390686035
1092,5.031952381134033
1093,5.104794025421143
1094,4.951374530792236
1095,5.31417179107666
1096,5.119765281677246
1097,5.096765995025635
1098,5.228113174438477
1099,5.136798858642578
1100,5.210407257080078
1101,5.301785469055176
1102,4.990547180175781
1103,5.059639930725098
1104,5.145711898803711
1105,5.085501670837402
1106,5.3178205490112305
1107,5.05450439453125
1108,5.170187950134277
1109,5.167097091674805
1110,5.386595726013184
1111,5.248377799987793
1112,5.1596360206604
1113,5.099625587463379
1114,5.381448745727539
1115,5.105913162231445
1116,5.313933372497559
1117,4.7896881103515625
1118,5.278899192810059
1119,5.474474906921387
1120,5.021426200866699
1121,5.02764892578125
1122,5.2811713218688965
1123,5.227001190185547
1124,5.049063682556152
1125,5.33281135559082
1126,5.255856513977051
1127,5.066136360168457
1128,5.287333965301514
1129,5.208920478820801
1130,5.016769886016846
1131,5.203821182250977
1132,5.036025047302246
1133,5.139639854431152
1134,5.37654972076416
1135,5.154501914978027
1136,5.012755393981934
1137,5.271508693695068
1138,5.114404678344727
1139,5.176928520202637
1140,5.184196472167969
1141,5.038370132446289
1142,5.230182647705078
1143,5.1933183670043945
1144,5.16301965713501
1145,5.4115681648254395
1146,5.234504699707031
1147,5.02089786529541
1148,5.161375045776367
1149,5.193906307220459
1150,5.126824378967285
1151,5.291234016418457
1152,5.095500946044922
1153,5.170716285705566
1154,5.15268611907959
1155,5.332470893859863
1156,5.0213212966918945
1157,5.168325424194336
1158,5.247041702270508
1159,4.982534885406494
1160,4.93659782409668
1161,4.773770332336426
1162,5.061563491821289
1163,4.786739349365234
1164,5.407596588134766
1165,5.082998275756836
1166,5.217203140258789
1167,5.099182605743408
1168,4.871977806091309
1169,5.080671310424805
1170,5.083237171173096
1171,5.172023773193359
1172,5.172131538391113
1173,5.010689735412598
1174,5.050261497497559
1175,5.196014881134033
1176,4.889157295227051
1177,5.149524211883545
1178,5.150844573974609
1179,4.975089073181152
1180,5.011081218719482
1181,5.177337646484375
1182,5.0794997215271
1183,5.0959320068359375
1184,5.263401508331299
1185,5.04455041885376
1186,4.952617645263672
1187,5.189265251159668
1188,4.891525745391846
1189,5.136717796325684
1190,5.033501625061035
1191,5.0199666023254395
1192,5.190945625305176
1193,4.970618724822998
1194,4.880225658416748
1195,5.302951812744141
1196,5.0186591148376465
1197,5.123288154602051
1198,5.053986549377441
1199,4.591702938079834
1200,4.958399772644043
1201,4.923165321350098
1202,5.342130661010742
1203,5.08802604675293
1204,5.195579528808594
1205,4.63679313659668
1206,4.917372703552246
1207,4.821539402008057
1208,5.155182838439941
1209,5.275509834289551
1210,4.849225997924805
1211,4.96376371383667
1212,5.1523847579956055
1213,4.917045593261719
1214,5.133494853973389
1215,4.976407051086426
1216,5.128684997558594
1217,5.190934181213379
1218,4.991333961486816
1219,4.906490325927734
1220,4.876311779022217
1221,5.163435459136963
1222,4.978574752807617
1223,5.06353235244751
1224,4.958486557006836
1225,5.282717704772949
1226,4.993093490600586
1227,5.212875843048096
1228,4.938445568084717
1229,5.022785186767578
1230,5.014225959777832
1231,5.253580093383789
1232,5.024997711181641
1233,4.939183712005615
1234,5.102175712585449
1235,5.126821994781494
1236,5.015902519226074
1237,4.973781585693359
1238,4.69609260559082
1239,5.011512756347656
1240,5.17125129699707
1241,4.878101348876953
1242,5.150579929351807
1243,4.791655540466309
1244,4.800536155700684
1245,4.875975608825684
1246,4.794373989105225
1247,4.810721397399902
1248,5.347846031188965
1249,5.040404796600342
1250,4.891439914703369
1251,5.182801246643066
1252,4.978178024291992
1253,4.830367088317871
1254,5.076714038848877
1255,5.1407599449157715
1256,5.045348167419434
1257,5.149024486541748
1258,5.278144359588623
1259,4.821949481964111
1260,5.035577774047852
1261,4.9180192947387695
1262,4.974558353424072
1263,4.7833967208862305
1264,5.1953816413879395
1265,5.075015068054199
1266,5.0129594802856445
1267,4.988129138946533
1268,5.029107570648193
1269,5.068103790283203
1270,5.07869291305542
1271,4.86641788482666
1272,4.869776725769043
1273,5.051186561584473
1274,5.0454020500183105
1275,4.933361053466797
1276,4.998049736022949
1277,5.140934944152832
1278,4.92640495300293
1279,4.94411563873291
1280,4.954829692840576
1281,5.031600475311279
1282,5.142126083374023
1283,5.0210490226745605
1284,4.904012680053711
1285,5.003841400146484
1286,5.385748863220215
1287,4.971901893615723
1288,5.0397844314575195
1289,5.091649055480957
1290,5.021156311035156
1291,4.897139072418213
1292,4.788573741912842
1293,5.012607097625732
1294,4.9618120193481445
1295,4.869163990020752
1296,5.0214691162109375
1297,5.144283294677734
1298,5.095191478729248
1299,5.003327369689941
1300,4.78024959564209
1301,4.936895370483398
1302,4.896184921264648
1303,4.993194580078125
1304,4.765025615692139
1305,4.932073593139648
1306,4.723763942718506
1307,5.251730918884277
1308,4.766861915588379
1309,4.737865924835205
1310,4.9413533210754395
1311,4.80402135848999
1312,5.091560363769531
1313,4.847113609313965
1314,4.910614013671875
1315,4.920051574707031
1316,4.907569885253906
1317,4.869833946228027
1318,5.022795677185059
1319,4.802325248718262
1320,4.948910713195801
1321,4.719122886657715
1322,5.145107269287109
1323,4.978931427001953
1324,4.882047653198242
1325,4.758805751800537
1326,5.128608226776123
1327,4.88425350189209
1328,5.074934959411621
1329,4.985599517822266
1330,5.239157199859619
1331,5.0754523277282715
1332,5.035634517669678
1333,4.764471530914307
1334,4.858791351318359
1335,4.885665416717529
1336,5.000419616699219
1337,4.9035444259643555
1338,4.840577602386475
1339,4.684103488922119
1340,4.996115684509277
1341,5.1756815910339355
1342,4.877938747406006
1343,4.973005294799805
1344,4.892046928405762
1345,4.908452033996582
1346,4.977290153503418
1347,4.947849273681641
1348,5.105654716491699
1349,5.1855692863464355
1350,4.88302755355835
1351,4.57722282409668
1352,4.803467750549316
1353,5.141059875488281
1354,4.834831714630127
1355,4.806639671325684
1356,5.17971134185791
1357,4.956062316894531
1358,5.010561943054199
1359,5.088967800140381
1360,4.795889854431152
1361,5.112652778625488
1362,4.975757598876953
1363,4.859598159790039
1364,4.839688301086426
1365,4.835896015167236
1366,5.113838195800781
1367,4.5077667236328125
1368,4.907731533050537
1369,4.955478668212891
1370,4.830925464630127
1371,4.989638805389404
1372,4.948156356811523
1373,4.807636737823486
1374,4.646458625793457
1375,4.938108444213867
1376,4.915495872497559
1377,4.699699401855469
1378,4.857181549072266
1379,4.858675003051758
1380,4.915375709533691
1381,4.822723388671875
1382,4.83838415145874
1383,4.7674455642700195
1384,4.540612697601318
1385,4.946977615356445
1386,4.776439666748047
1387,4.998081207275391
1388,4.917845726013184
1389,5.061213493347168
1390,4.737005710601807
1391,4.8043365478515625
1392,4.8480730056762695
1393,4.817305564880371
1394,4.80545711517334
1395,4.967782974243164
1396,4.821020603179932
1397,4.838070869445801
1398,5.050042629241943
1399,5.051663398742676
1400,5.067342758178711
1401,4.9944047927856445
1402,5.07735538482666
1403,4.764954566955566
1404,4.953145980834961
1405,4.772623538970947
1406,4.850872039794922
1407,4.565924644470215
1408,4.8669562339782715
1409,4.971796989440918
1410,4.88570499420166
1411,4.780937194824219
1412,4.650651454925537
1413,4.816183090209961
1414,4.964596271514893
1415,5.093237400054932
1416,4.883078575134277
1417,4.482512474060059
1418,5.0270586013793945
1419,5.026956558227539
1420,4.859400272369385
1421,4.809749603271484
1422,4.8274335861206055
1423,4.876972198486328
1424,4.870506286621094
1425,4.53188943862915
1426,4.881364822387695
1427,4.849069595336914
1428,4.732453346252441
1429,4.942648887634277
1430,4.684959411621094
1431,4.609436988830566
1432,4.608417510986328
1433,4.974331378936768
1434,4.884108543395996
1435,4.967761039733887
1436,4.735330581665039
1437,4.8141374588012695
1438,4.829714298248291
1439,4.688779354095459
1440,4.824116230010986
1441,4.703676700592041
1442,4.716978073120117
1443,4.731782913208008
1444,4.931997299194336
1445,4.635105133056641
1446,4.830256462097168
1447,4.737368583679199
1448,4.89164924621582
1449,4.850643634796143
1450,4.720005035400391
1451,4.748903751373291
1452,4.737924575805664
1453,4.78395938873291
1454,4.813779830932617
1455,4.756366729736328
1456,4.728582382202148
1457,4.712286472320557
1458,4.674858093261719
1459,4.759747505187988
1460,4.707191467285156
1461,4.539809703826904
1462,4.50950813293457
1463,5.219025611877441
1464,4.697136878967285
1465,5.1341962814331055
1466,4.7849321365356445
1467,4.685487270355225
1468,4.682914733886719
1469,4.843589782714844
1470,4.5808610916137695
1471,4.803220748901367
1472,4.41010856628418
1473,4.798917293548584
1474,4.32667350769043
1475,4.770514965057373
1476,4.8881120681762695
1477,4.6988372802734375
1478,4.52201509475708
1479,4.621706962585449
1480,4.508838653564453
1481,4.6181135177612305
1482,4.877091407775879
1483,4.7687883377075195
1484,4.853787899017334
1485,4.847394943237305
1486,4.692407608032227
1487,4.88386344909668
1488,4.808140754699707
1489,4.605137825012207
1490,4.773819923400879
1491,4.800722599029541
1492,4.354035377502441
1493,4.763764381408691
1494,4.616154670715332
1495,4.3218464851379395
1496,4.696145534515381
1497,4.866443634033203
1498,4.746927738189697
1499,4.80525541305542
1500,4.586319923400879
1501,4.6468095779418945
1502,4.668987274169922
1503,4.795546054840088
1504,4.867772102355957
1505,4.648858547210693
1506,4.4061102867126465
1507,4.630327224731445
1508,4.733202934265137
1509,4.683596134185791
1510,4.431426048278809
1511,4.919818878173828
1512,4.527675628662109
1513,4.735194683074951
1514,4.815549850463867
1515,4.622325897216797
1516,4.730869293212891
1517,5.038329124450684
1518,4.406794548034668
1519,4.7124714851379395
1520,4.6620988845825195
1521,4.587831020355225
1522,4.584067344665527
1523,4.622847557067871
1524,4.691444396972656
1525,4.789797306060791
1526,4.523609161376953
1527,4.540193557739258
1528,4.749354362487793
1529,4.885177135467529
1530,4.635864734649658
1531,4.43553352355957
1532,4.587480545043945
1533,4.5939106941223145
1534,4.466940402984619
1535,4.7096333503723145
1536,4.75205135345459
1537,4.5623369216918945
1538,4.540949821472168
1539,4.815057754516602
1540,4.32008171081543
1541,4.641291618347168
1542,4.808427810668945
1543,4.699546813964844
1544,4.904824256896973
1545,4.577902793884277
1546,4.545862674713135
1547,4.469944953918457
1548,4.682379245758057
1549,4.388085842132568
1550,4.502946376800537
1551,4.3870649337768555
1552,4.68723726272583
1553,4.5384840965271
1554,4.423549652099609
1555,4.608795166015625
1556,4.730191230773926
1557,4.621757507324219
1558,4.659603118896484
1559,4.7339582443237305
1560,4.453042030334473
1561,4.700148582458496
1562,4.781235694885254
1563,4.750269889831543
1564,4.6443610191345215
1565,4.501011371612549
1566,4.936124324798584
1567,4.626201152801514
1568,4.666525840759277
1569,4.927459716796875
1570,4.55877685546875
1571,4.574038028717041
1572,4.450310230255127
1573,4.257807731628418
1574,4.700745582580566
1575,4.6601104736328125
1576,4.443824768066406
1577,4.285405158996582
1578,4.746464252471924
1579,4.630260467529297
1580,4.593718528747559
1581,4.514535427093506
1582,4.649913787841797
1583,4.515411376953125
1584,4.761255264282227
1585,4.528036594390869
1586,4.823151588439941
1587,4.417586326599121
1588,4.572052955627441
1589,4.45224666595459
1590,4.521965503692627
1591,4.54728889465332
1592,4.522336959838867
1593,4.917689800262451
1594,4.465007781982422
1595,4.5028204917907715
1596,4.761567115783691
1597,4.531467437744141
1598,4.410812854766846
1599,4.475344657897949
1600,4.443210601806641
1601,4.388853073120117
1602,4.398143768310547
1603,4.56631326675415
1604,4.633556365966797
1605,4.850831031799316
1606,4.615654468536377
1607,4.454628944396973
1608,4.591266632080078
1609,4.732262134552002
1610,4.709029197692871
1611,4.6646728515625
1612,4.606365203857422
1613,4.599781036376953
1614,4.907691478729248
1615,4.705385684967041
1616,4.711781024932861
1617,4.492541313171387
1618,4.514104843139648
1619,4.163094520568848
1620,4.887864112854004
1621,4.582581520080566
1622,4.47921085357666
1623,4.739301681518555
1624,4.538082122802734
1625,4.483502388000488
1626,4.54437255859375
1627,4.504979133605957
1628,4.353652000427246
1629,4.253864288330078
1630,4.461139678955078
1631,4.666389465332031
1632,4.644356727600098
1633,4.501905918121338
1634,4.647409439086914
1635,4.5973358154296875
1636,4.415317058563232
1637,4.658814430236816
1638,4.8918328285217285
1639,4.435208320617676
1640,4.575741767883301
1641,4.362130641937256
1642,4.547983169555664
1643,4.39523458480835
1644,4.34126615524292
1645,4.571166038513184
1646,4.529587268829346
1647,4.426041603088379
1648,4.375898838043213
1649,4.4805908203125
1650,4.654926300048828
1651,4.458477020263672
1652,4.903892517089844
1653,4.694186210632324
1654,4.708299160003662
1655,4.841983318328857
1656,4.424007415771484
1657,4.467338562011719
1658,4.508026599884033
1659,4.508060455322266
1660,4.446924209594727
1661,4.703553199768066
1662,4.374988555908203
1663,4.4243316650390625
1664,4.5246076583862305
1665,4.197801113128662
1666,4.45837926864624
1667,4.614569664001465
1668,4.43056058883667
1669,4.466216564178467
1670,4.544086933135986
1671,4.623926162719727
1672,4.538443565368652
1673,4.617923736572266
1674,4.6081695556640625
1675,4.533930778503418
1676,4.618631362915039
1677,4.472614288330078
1678,4.253126621246338
1679,4.557363510131836
1680,4.603061676025391
1681,4.521754264831543
1682,4.10125732421875
1683,4.376235008239746
1684,4.287453651428223
1685,4.487652778625488
1686,4.467744827270508
1687,4.7284255027771
1688,4.481316089630127
1689,4.574248313903809
1690,4.1798930168151855
1691,4.51279354095459
1692,4.484590530395508
1693,4.477913856506348
1694,4.522201061248779
1695,4.624505043029785
1696,4.2921295166015625
1697,4.540148735046387
1698,4.7993011474609375
1699,4.203301429748535
1700,4.466763496398926
1701,4.134743690490723
1702,4.271917819976807
1703,5.039273262023926
1704,4.1293182373046875
1705,4.470139026641846
1706,4.315824508666992
1707,4.501871585845947
1708,4.7067718505859375
1709,4.358088970184326
1710,4.562689304351807
1711,4.585472106933594
1712,4.214160442352295
1713,4.367496490478516
1714,4.486461639404297
1715,4.33504581451416
1716,4.692660331726074
1717,4.482129096984863
1718,4.228330612182617
1719,4.405756950378418
1720,4.2580461502075195
1721,4.681877136230469
1722,4.4483466148376465
1723,4.1603803634643555
1724,4.568612098693848
1725,4.741461753845215
1726,4.530717372894287
1727,4.375969886779785
1728,4.624175071716309
1729,4.174761772155762
1730,4.131259918212891
1731,4.2216291427612305
1732,4.248656272888184
1733,4.524359703063965
1734,4.351806640625
1735,4.666012763977051
1736,4.759136199951172
1737,4.369399070739746
1738,4.672140598297119
1739,4.157506465911865
1740,4.383866786956787
1741,4.138449192047119
1742,4.2278594970703125
1743,4.372819900512695
1744,4.679897308349609
1745,4.2134599685668945
1746,4.675910949707031
1747,4.176979064941406
1748,4.141143798828125
1749,4.257705211639404
1750,4.22149133682251
1751,4.205897331237793
1752,4.510679721832275
1753,4.681302070617676
1754,4.549686431884766
1755,4.168971061706543
1756,4.038414478302002
1757,4.16477108001709
1758,4.599030494689941
1759,4.596243381500244
1760,4.664141654968262
1761,4.46641731262207
1762,4.729101181030273
1763,4.3725433349609375
1764,4.2096428871154785
1765,4.490403175354004
1766,4.172537326812744
1767,4.07917594909668
1768,4.190393447875977
1769,4.27385139465332
1770,4.180050849914551
1771,4.397473335266113
1772,4.624316215515137
1773,4.359470844268799
1774,4.408634662628174
1775,4.280782699584961
1776,4.49758243560791
1777,4.329101085662842
1778,4.255699157714844
1779,4.463700294494629
1780,4.3455491065979
1781,4.460605621337891
1782,4.415515899658203
1783,4.365313529968262
1784,4.365701675415039
1785,4.489450454711914
1786,4.254453659057617
1787,4.204803466796875
1788,4.577773094177246
1789,4.20778751373291
1790,4.59647798538208
1791,4.551741123199463
1792,4.382469654083252
1793,4.619058609008789
1794,4.371245384216309
1795,4.5575995445251465
1796,4.322890281677246
1797,4.511467456817627
1798,4.476100444793701
1799,4.404128074645996
1800,4.107223033905029
1801,4.350581645965576
1802,4.386181831359863
1803,4.369001388549805
1804,4.37886905670166
1805,4.355009078979492
1806,4.267172813415527
1807,4.841468811035156
1808,4.405096054077148
1809,4.161779403686523
1810,4.38996696472168
1811,4.296475410461426
1812,4.435585021972656
1813,4.494555950164795
1814,4.197721481323242
1815,4.55808162689209
1816,4.4161272048950195
1817,4.2573957443237305
1818,4.172067642211914
1819,4.4361572265625
1820,4.177765846252441
1821,4.308204174041748
1822,4.128053188323975
1823,4.417950630187988
1824,4.253040313720703
1825,4.466367721557617
1826,4.451903343200684
1827,4.472772598266602
1828,4.266456127166748
1829,4.250635623931885
1830,4.595684051513672
1831,4.437742233276367
1832,4.147798538208008
1833,4.147627353668213
1834,4.289453029632568
1835,4.213864803314209
1836,4.329288482666016
1837,4.402675151824951
1838,4.491518020629883
1839,4.388180732727051
1840,4.527893543243408
1841,4.3160576820373535
1842,4.495664596557617
1843,4.192441463470459
1844,4.548955917358398
1845,4.597517967224121
1846,4.675824165344238
1847,4.285594463348389
1848,4.133373260498047
1849,4.266696929931641
1850,4.12722110748291
1851,4.3651533126831055
1852,4.446239948272705
1853,4.23531436920166
1854,4.399794578552246
1855,4.317578315734863
1856,4.119626045227051
1857,4.551653861999512
1858,4.483877182006836
1859,4.1900715827941895
1860,4.567220687866211
1861,4.515196323394775
1862,4.148899078369141
1863,4.154470920562744
1864,4.484619617462158
1865,4.397451400756836
1866,4.586316108703613
1867,4.319079399108887
1868,4.556371212005615
1869,4.10869026184082
1870,4.431849479675293
1871,4.365945816040039
1872,4.5043487548828125
1873,4.417814254760742
1874,4.1149749755859375
1875,4.216879844665527
1876,4.346489906311035
1877,4.297257423400879
1878,4.4424848556518555
1879,4.284543991088867
1880,4.230767250061035
1881,4.367751121520996
1882,4.648734092712402
1883,4.116732597351074
1884,4.494002819061279
1885,4.132257461547852
1886,4.150114059448242
1887,4.233428955078125
1888,4.089219093322754
1889,4.336030960083008
1890,4.254872798919678
1891,4.22188663482666
1892,4.565460205078125
1893,4.571700096130371
1894,4.237465858459473
1895,4.038800239562988
1896,4.61175537109375
1897,4.067810535430908
1898,4.539032936096191
1899,4.429713726043701
1900,4.167532920837402
1901,4.3957319259643555
1902,4.039478302001953
1903,4.023874759674072
1904,4.376221179962158
1905,4.4198384284973145
1906,4.372739315032959
1907,4.275958061218262
1908,4.229335784912109
1909,3.9883499145507812
1910,4.453152656555176
1911,4.622797966003418
1912,4.121480941772461
1913,4.543793678283691
1914,4.41139554977417
1915,4.5106353759765625
1916,4.150054931640625
1917,4.480022430419922
1918,4.386624336242676
1919,4.296599388122559
1920,4.333101272583008
1921,4.108822822570801
1922,4.2103118896484375
1923,4.150332450866699
1924,4.532318592071533
1925,4.202607154846191
1926,4.23234748840332
1927,4.242140769958496
1928,4.2649126052856445
1929,4.343565940856934
1930,4.238066673278809
1931,4.217005729675293
1932,4.035908222198486
1933,4.154637336730957
1934,4.372165679931641
1935,4.227053642272949
1936,4.0679030418396
1937,4.194735527038574
1938,4.438284397125244
1939,4.034756183624268
1940,4.217879295349121
1941,4.355198860168457
1942,4.567259788513184
1943,4.216517448425293
1944,4.198003768920898
1945,4.34311056137085
1946,4.140154838562012
1947,4.43410587310791
1948,4.206472396850586
1949,4.158086776733398
1950,4.289362907409668
1951,3.9270076751708984
1952,4.429083824157715
1953,4.487851142883301
1954,4.299627304077148
1955,4.128076553344727
1956,4.483625411987305
1957,4.462063789367676
1958,4.105336666107178
1959,4.329822540283203
1960,4.499300003051758
1961,4.180019378662109
1962,4.031895160675049
1963,4.415297508239746
1964,4.067661285400391
1965,4.154075622558594
1966,4.1170573234558105
1967,4.056751251220703
1968,4.391923904418945
1969,4.306831359863281
1970,4.1233367919921875
1971,3.983098030090332
1972,4.233194828033447
1973,4.273518085479736
1974,4.489473342895508
1975,3.962559700012207
1976,4.1487250328063965
1977,4.601295471191406
1978,4.084512710571289
1979,3.9213716983795166
1980,4.012062072753906
1981,4.273372650146484
1982,4.069143295288086
1983,4.105608940124512
1984,4.403896808624268
1985,4.335884094238281
1986,4.2911376953125
1987,3.8904905319213867
1988,4.106297492980957
1989,4.32430362701416
1990,4.218558311462402
1991,4.101518154144287
1992,4.503480911254883
1993,4.26191520690918
1994,4.252262592315674
1995,4.138218402862549
1996,4.241634368896484
1997,4.055591583251953
1998,4.304437637329102
1999,4.140416145324707
2000,4.258550643920898
2001,4.2398552894592285
2002,4.176215171813965
2003,4.064934730529785
2004,4.803650379180908
2005,4.565755367279053
2006,4.180572986602783
2007,4.045453071594238
2008,4.418491363525391
2009,4.4770307540893555
2010,4.118374824523926
2011,4.4587602615356445
2012,4.371036529541016
2013,4.320124626159668
2014,4.083423614501953
2015,4.018012523651123
2016,4.24285888671875
2017,4.4508466720581055
2018,4.427082538604736
2019,4.188388824462891
2020,4.473522186279297
2021,4.252218246459961
2022,4.131667137145996
2023,4.309365272521973
2024,4.209834575653076
2025,4.713210105895996
2026,4.038931846618652
2027,4.175951957702637
2028,4.239993572235107
2029,4.3201584815979
2030,4.054887771606445
2031,4.371456623077393
2032,4.14417839050293
2033,4.134405136108398
2034,3.9120583534240723
2035,4.398484230041504
2036,4.3951263427734375
2037,4.071009635925293
2038,4.2483110427856445
2039,4.493728160858154
2040,4.5544586181640625
2041,4.26893424987793
2042,3.944808006286621
2043,4.212801933288574
2044,3.9045426845550537
2045,4.3379669189453125
2046,4.010776519775391
2047,4.309771537780762
2048,4.305420398712158
2049,4.146462440490723
2050,4.412727355957031
2051,4.043414115905762
2052,4.265068054199219
2053,3.982741355895996
2054,4.077438831329346
2055,4.059657096862793
2056,4.300292015075684
2057,4.581789493560791
2058,4.315367698669434
2059,4.190906524658203
2060,4.541400909423828
2061,4.314200401306152
2062,3.9365501403808594
2063,4.2845540046691895
2064,4.231659889221191
2065,4.116707801818848
2066,4.185738563537598
2067,4.1089701652526855
2068,4.1271562576293945
2069,4.246532440185547
2070,4.416006088256836
2071,4.256587982177734
2072,3.9651150703430176
2073,4.322134017944336
2074,4.080696105957031
2075,4.484908103942871
2076,4.177436351776123
2077,3.8067564964294434
2078,4.589944839477539
2079,4.263304233551025
2080,4.240958213806152
2081,3.987412929534912
2082,4.244210243225098
2083,4.089780807495117
2084,4.0351762771606445
2085,4.215782165527344
2086,4.08053731918335
2087,4.222540855407715
2088,4.365331649780273
2089,4.092556476593018
2090,4.309236526489258
2091,4.28459358215332
2092,4.345176696777344
2093,4.19229793548584
2094,4.358383655548096
2095,3.72352933883667
2096,4.287563323974609
2097,4.154329776763916
2098,4.190301895141602
2099,4.33203125
2100,4.325632095336914
2101,3.981505870819092
2102,4.221950531005859
2103,4.380223751068115
2104,4.085719108581543
2105,4.000543117523193
2106,4.295261383056641
2107,4.136841297149658
2108,4.375568389892578
2109,4.3283233642578125
2110,3.900455951690674
2111,4.003861904144287
2112,4.292119979858398
2113,4.352678298950195
2114,4.0600104331970215
2115,4.317047119140625
2116,4.286655902862549
2117,4.226409912109375
2118,3.960113763809204
2119,4.295568466186523
2120,4.287130355834961
2121,4.360918045043945
2122,3.7497332096099854
2123,4.208858489990234
2124,4.37281608581543
2125,4.643047332763672
2126,4.35738468170166
2127,4.4928388595581055
2128,4.330410957336426
2129,4.592853546142578
2130,4.678849697113037
2131,4.283931732177734
2132,4.007997035980225
2133,4.568029403686523
2134,4.0229973793029785
2135,4.222734451293945
2136,4.046482086181641
2137,3.9154505729675293
2138,4.5433807373046875
2139,4.03635311126709
2140,3.97438907623291
2141,4.033135414123535
2142,4.223030090332031
2143,4.394113540649414
2144,4.170942783355713
2145,4.271706581115723
2146,4.151283264160156
2147,4.129663467407227
2148,4.202886581420898
2149,4.181931972503662
2150,4.4845805168151855
2151,4.087018013000488
2152,4.399161338806152
2153,4.462217330932617
2154,4.07900857925415
2155,4.434398651123047
2156,4.128240585327148
2157,4.17897891998291
2158,4.354050636291504
2159,4.237833023071289
2160,4.33123779296875
2161,4.240901947021484
2162,4.096163749694824
2163,4.320952415466309
2164,3.9603261947631836
2165,4.102015495300293
2166,4.230328559875488
2167,3.947188138961792
2168,4.058871746063232
2169,4.289506912231445
2170,4.128545761108398
2171,4.212325096130371
2172,4.218303680419922
2173,3.9007747173309326
2174,4.449596405029297
2175,3.942640781402588
2176,4.345821380615234
2177,4.188606262207031
2178,4.359527111053467
2179,4.458159446716309
2180,4.319530487060547
2181,3.965214729309082
2182,4.407629013061523
2183,4.621789932250977
2184,4.270017147064209
2185,4.080960273742676
2186,4.009266376495361
2187,4.1383233070373535
2188,4.4063496589660645
2189,4.344396591186523
2190,4.362281799316406
2191,4.051360607147217
2192,4.418221473693848
2193,4.199409008026123
2194,4.122325897216797
2195,4.082268714904785
2196,4.208003044128418
2197,4.156484603881836
2198,4.240744590759277
2199,4.206703186035156
