~iteration~,lr
0,0.03
1,0.03
2,0.03
3,0.03
4,0.03
5,0.03
6,0.03
7,0.03
8,0.03
9,0.03
10,0.03
11,0.03
12,0.029998149487224908
13,0.029998149487224908
14,0.029998149487224908
15,0.029998149487224908
16,0.029998149487224908
17,0.029998149487224908
18,0.029998149487224908
19,0.029998149487224908
20,0.029998149487224908
21,0.029998149487224908
22,0.029998149487224908
23,0.029998149487224908
24,0.029992598405485973
25,0.029992598405485973
26,0.029992598405485973
27,0.029992598405485973
28,0.029992598405485973
29,0.029992598405485973
30,0.029992598405485973
31,0.029992598405485973
32,0.029992598405485973
33,0.029992598405485973
34,0.029992598405485973
35,0.029992598405485973
36,0.029983348124429553
37,0.029983348124429553
38,0.029983348124429553
39,0.029983348124429553
40,0.029983348124429553
41,0.029983348124429553
42,0.029983348124429553
43,0.029983348124429553
44,0.029983348124429553
45,0.029983348124429553
46,0.029983348124429553
47,0.029983348124429553
48,0.029970400926424078
49,0.029970400926424078
50,0.029970400926424078
51,0.029970400926424078
52,0.029970400926424078
53,0.029970400926424078
54,0.029970400926424078
55,0.029970400926424078
56,0.029970400926424078
57,0.029970400926424078
58,0.029970400926424078
59,0.029970400926424078
60,0.029953760005996925
61,0.029953760005996925
62,0.029953760005996925
63,0.029953760005996925
64,0.029953760005996925
65,0.029953760005996925
66,0.029953760005996925
67,0.029953760005996925
68,0.029953760005996925
69,0.029953760005996925
70,0.029953760005996925
71,0.029953760005996925
72,0.029933429469046202
73,0.029933429469046202
74,0.029933429469046202
75,0.029933429469046202
76,0.029933429469046202
77,0.029933429469046202
78,0.029933429469046202
79,0.029933429469046202
80,0.029933429469046202
81,0.029933429469046202
82,0.029933429469046202
83,0.029933429469046202
84,0.0299094143318277
85,0.0299094143318277
86,0.0299094143318277
87,0.0299094143318277
88,0.0299094143318277
89,0.0299094143318277
90,0.0299094143318277
91,0.0299094143318277
92,0.0299094143318277
93,0.0299094143318277
94,0.0299094143318277
95,0.0299094143318277
96,0.029881720519717173
97,0.029881720519717173
98,0.029881720519717173
99,0.029881720519717173
100,0.029881720519717173
101,0.029881720519717173
102,0.029881720519717173
103,0.029881720519717173
104,0.029881720519717173
105,0.029881720519717173
106,0.029881720519717173
107,0.029881720519717173
108,0.029850354865748364
109,0.029850354865748364
110,0.029850354865748364
111,0.029850354865748364
112,0.029850354865748364
113,0.029850354865748364
114,0.029850354865748364
115,0.029850354865748364
116,0.029850354865748364
117,0.029850354865748364
118,0.029850354865748364
119,0.029850354865748364
120,0.02981532510892707
121,0.02981532510892707
122,0.02981532510892707
123,0.02981532510892707
124,0.02981532510892707
125,0.02981532510892707
126,0.02981532510892707
127,0.02981532510892707
128,0.02981532510892707
129,0.02981532510892707
130,0.02981532510892707
131,0.02981532510892707
132,0.02977663989232161
133,0.02977663989232161
134,0.02977663989232161
135,0.02977663989232161
136,0.02977663989232161
137,0.02977663989232161
138,0.02977663989232161
139,0.02977663989232161
140,0.02977663989232161
141,0.02977663989232161
142,0.02977663989232161
143,0.02977663989232161
144,0.029734308760930334
145,0.029734308760930334
146,0.029734308760930334
147,0.029734308760930334
148,0.029734308760930334
149,0.029734308760930334
150,0.029734308760930334
151,0.029734308760930334
152,0.029734308760930334
153,0.029734308760930334
154,0.029734308760930334
155,0.029734308760930334
156,0.02968834215932649
157,0.02968834215932649
158,0.02968834215932649
159,0.02968834215932649
160,0.02968834215932649
161,0.02968834215932649
162,0.02968834215932649
163,0.02968834215932649
164,0.02968834215932649
165,0.02968834215932649
166,0.02968834215932649
167,0.02968834215932649
168,0.029638751429081216
169,0.029638751429081216
170,0.029638751429081216
171,0.029638751429081216
172,0.029638751429081216
173,0.029638751429081216
174,0.029638751429081216
175,0.029638751429081216
176,0.029638751429081216
177,0.029638751429081216
178,0.029638751429081216
179,0.029638751429081216
180,0.029585548805965152
181,0.029585548805965152
182,0.029585548805965152
183,0.029585548805965152
184,0.029585548805965152
185,0.029585548805965152
186,0.029585548805965152
187,0.029585548805965152
188,0.029585548805965152
189,0.029585548805965152
190,0.029585548805965152
191,0.029585548805965152
192,0.029528747416929468
193,0.029528747416929468
194,0.029528747416929468
195,0.029528747416929468
196,0.029528747416929468
197,0.029528747416929468
198,0.029528747416929468
199,0.029528747416929468
200,0.029528747416929468
201,0.029528747416929468
202,0.029528747416929468
203,0.029528747416929468
204,0.029468361276866976
205,0.029468361276866976
206,0.029468361276866976
207,0.029468361276866976
208,0.029468361276866976
209,0.029468361276866976
210,0.029468361276866976
211,0.029468361276866976
212,0.029468361276866976
213,0.029468361276866976
214,0.029468361276866976
215,0.029468361276866976
216,0.029404405285154152
217,0.029404405285154152
218,0.029404405285154152
219,0.029404405285154152
220,0.029404405285154152
221,0.029404405285154152
222,0.029404405285154152
223,0.029404405285154152
224,0.029404405285154152
225,0.029404405285154152
226,0.029404405285154152
227,0.029404405285154152
228,0.029336895221974957
229,0.029336895221974957
230,0.029336895221974957
231,0.029336895221974957
232,0.029336895221974957
233,0.029336895221974957
234,0.029336895221974957
235,0.029336895221974957
236,0.029336895221974957
237,0.029336895221974957
238,0.029336895221974957
239,0.029336895221974957
240,0.029265847744427313
241,0.029265847744427313
242,0.029265847744427313
243,0.029265847744427313
244,0.029265847744427313
245,0.029265847744427313
246,0.029265847744427313
247,0.029265847744427313
248,0.029265847744427313
249,0.029265847744427313
250,0.029265847744427313
251,0.029265847744427313
252,0.029191280382413188
253,0.029191280382413188
254,0.029191280382413188
255,0.029191280382413188
256,0.029191280382413188
257,0.029191280382413188
258,0.029191280382413188
259,0.029191280382413188
260,0.029191280382413188
261,0.029191280382413188
262,0.029191280382413188
263,0.029191280382413188
264,0.02911321153431339
265,0.02911321153431339
266,0.02911321153431339
267,0.02911321153431339
268,0.02911321153431339
269,0.02911321153431339
270,0.02911321153431339
271,0.02911321153431339
272,0.02911321153431339
273,0.02911321153431339
274,0.02911321153431339
275,0.02911321153431339
276,0.029031660462448018
277,0.029031660462448018
278,0.029031660462448018
279,0.029031660462448018
280,0.029031660462448018
281,0.029031660462448018
282,0.029031660462448018
283,0.029031660462448018
284,0.029031660462448018
285,0.029031660462448018
286,0.029031660462448018
287,0.029031660462448018
288,0.028946647288323777
289,0.028946647288323777
290,0.028946647288323777
291,0.028946647288323777
292,0.028946647288323777
293,0.028946647288323777
294,0.028946647288323777
295,0.028946647288323777
296,0.028946647288323777
297,0.028946647288323777
298,0.028946647288323777
299,0.028946647288323777
300,0.028858192987669305
301,0.028858192987669305
302,0.028858192987669305
303,0.028858192987669305
304,0.028858192987669305
305,0.028858192987669305
306,0.028858192987669305
307,0.028858192987669305
308,0.028858192987669305
309,0.028858192987669305
310,0.028858192987669305
311,0.028858192987669305
312,0.02876631938525972
313,0.02876631938525972
314,0.02876631938525972
315,0.02876631938525972
316,0.02876631938525972
317,0.02876631938525972
318,0.02876631938525972
319,0.02876631938525972
320,0.02876631938525972
321,0.02876631938525972
322,0.02876631938525972
323,0.02876631938525972
324,0.02867104914953168
325,0.02867104914953168
326,0.02867104914953168
327,0.02867104914953168
328,0.02867104914953168
329,0.02867104914953168
330,0.02867104914953168
331,0.02867104914953168
332,0.02867104914953168
333,0.02867104914953168
334,0.02867104914953168
335,0.02867104914953168
336,0.028572405786990294
337,0.028572405786990294
338,0.028572405786990294
339,0.028572405786990294
340,0.028572405786990294
341,0.028572405786990294
342,0.028572405786990294
343,0.028572405786990294
344,0.028572405786990294
345,0.028572405786990294
346,0.028572405786990294
347,0.028572405786990294
348,0.028470413636409234
349,0.028470413636409234
350,0.028470413636409234
351,0.028470413636409234
352,0.028470413636409234
353,0.028470413636409234
354,0.028470413636409234
355,0.028470413636409234
356,0.028470413636409234
357,0.028470413636409234
358,0.028470413636409234
359,0.028470413636409234
360,0.028365097862825518
361,0.028365097862825518
362,0.028365097862825518
363,0.028365097862825518
364,0.028365097862825518
365,0.028365097862825518
366,0.028365097862825518
367,0.028365097862825518
368,0.028365097862825518
369,0.028365097862825518
370,0.028365097862825518
371,0.028365097862825518
372,0.028256484451330405
373,0.028256484451330405
374,0.028256484451330405
375,0.028256484451330405
376,0.028256484451330405
377,0.028256484451330405
378,0.028256484451330405
379,0.028256484451330405
380,0.028256484451330405
381,0.028256484451330405
382,0.028256484451330405
383,0.028256484451330405
384,0.028144600200657954
385,0.028144600200657954
386,0.028144600200657954
387,0.028144600200657954
388,0.028144600200657954
389,0.028144600200657954
390,0.028144600200657954
391,0.028144600200657954
392,0.028144600200657954
393,0.028144600200657954
394,0.028144600200657954
395,0.028144600200657954
396,0.02802947271657287
397,0.02802947271657287
398,0.02802947271657287
399,0.02802947271657287
400,0.02802947271657287
401,0.02802947271657287
402,0.02802947271657287
403,0.02802947271657287
404,0.02802947271657287
405,0.02802947271657287
406,0.02802947271657287
407,0.02802947271657287
408,0.027911130405059156
409,0.027911130405059156
410,0.027911130405059156
411,0.027911130405059156
412,0.027911130405059156
413,0.027911130405059156
414,0.027911130405059156
415,0.027911130405059156
416,0.027911130405059156
417,0.027911130405059156
418,0.027911130405059156
419,0.027911130405059156
420,0.027789602465311383
421,0.027789602465311383
422,0.027789602465311383
423,0.027789602465311383
424,0.027789602465311383
425,0.027789602465311383
426,0.027789602465311383
427,0.027789602465311383
428,0.027789602465311383
429,0.027789602465311383
430,0.027789602465311383
431,0.027789602465311383
432,0.027664918882530226
433,0.027664918882530226
434,0.027664918882530226
435,0.027664918882530226
436,0.027664918882530226
437,0.027664918882530226
438,0.027664918882530226
439,0.027664918882530226
440,0.027664918882530226
441,0.027664918882530226
442,0.027664918882530226
443,0.027664918882530226
444,0.027537110420524057
445,0.027537110420524057
446,0.027537110420524057
447,0.027537110420524057
448,0.027537110420524057
449,0.027537110420524057
450,0.027537110420524057
451,0.027537110420524057
452,0.027537110420524057
453,0.027537110420524057
454,0.027537110420524057
455,0.027537110420524057
456,0.027406208614118428
457,0.027406208614118428
458,0.027406208614118428
459,0.027406208614118428
460,0.027406208614118428
461,0.027406208614118428
462,0.027406208614118428
463,0.027406208614118428
464,0.027406208614118428
465,0.027406208614118428
466,0.027406208614118428
467,0.027406208614118428
468,0.027272245761375352
469,0.027272245761375352
470,0.027272245761375352
471,0.027272245761375352
472,0.027272245761375352
473,0.027272245761375352
474,0.027272245761375352
475,0.027272245761375352
476,0.027272245761375352
477,0.027272245761375352
478,0.027272245761375352
479,0.027272245761375352
480,0.027135254915624213
481,0.027135254915624213
482,0.027135254915624213
483,0.027135254915624213
484,0.027135254915624213
485,0.027135254915624213
486,0.027135254915624213
487,0.027135254915624213
488,0.027135254915624213
489,0.027135254915624213
490,0.027135254915624213
491,0.027135254915624213
492,0.026995269877306362
493,0.026995269877306362
494,0.026995269877306362
495,0.026995269877306362
496,0.026995269877306362
497,0.026995269877306362
498,0.026995269877306362
499,0.026995269877306362
500,0.026995269877306362
501,0.026995269877306362
502,0.026995269877306362
503,0.026995269877306362
504,0.026852325185635354
505,0.026852325185635354
506,0.026852325185635354
507,0.026852325185635354
508,0.026852325185635354
509,0.026852325185635354
510,0.026852325185635354
511,0.026852325185635354
512,0.026852325185635354
513,0.026852325185635354
514,0.026852325185635354
515,0.026852325185635354
516,0.02670645611007495
517,0.02670645611007495
518,0.02670645611007495
519,0.02670645611007495
520,0.02670645611007495
521,0.02670645611007495
522,0.02670645611007495
523,0.02670645611007495
524,0.02670645611007495
525,0.02670645611007495
526,0.02670645611007495
527,0.02670645611007495
528,0.026557698641636842
529,0.026557698641636842
530,0.026557698641636842
531,0.026557698641636842
532,0.026557698641636842
533,0.026557698641636842
534,0.026557698641636842
535,0.026557698641636842
536,0.026557698641636842
537,0.026557698641636842
538,0.026557698641636842
539,0.026557698641636842
540,0.02640608948400047
541,0.02640608948400047
542,0.02640608948400047
543,0.02640608948400047
544,0.02640608948400047
545,0.02640608948400047
546,0.02640608948400047
547,0.02640608948400047
548,0.02640608948400047
549,0.02640608948400047
550,0.02640608948400047
551,0.02640608948400047
552,0.026251666044456896
553,0.026251666044456896
554,0.026251666044456896
555,0.026251666044456896
556,0.026251666044456896
557,0.026251666044456896
558,0.026251666044456896
559,0.026251666044456896
560,0.026251666044456896
561,0.026251666044456896
562,0.026251666044456896
563,0.026251666044456896
564,0.026094466424679146
565,0.026094466424679146
566,0.026094466424679146
567,0.026094466424679146
568,0.026094466424679146
569,0.026094466424679146
570,0.026094466424679146
571,0.026094466424679146
572,0.026094466424679146
573,0.026094466424679146
574,0.026094466424679146
575,0.026094466424679146
576,0.025934529411321176
577,0.025934529411321176
578,0.025934529411321176
579,0.025934529411321176
580,0.025934529411321176
581,0.025934529411321176
582,0.025934529411321176
583,0.025934529411321176
584,0.025934529411321176
585,0.025934529411321176
586,0.025934529411321176
587,0.025934529411321176
588,0.025771894466447835
589,0.025771894466447835
590,0.025771894466447835
591,0.025771894466447835
592,0.025771894466447835
593,0.025771894466447835
594,0.025771894466447835
595,0.025771894466447835
596,0.025771894466447835
597,0.025771894466447835
598,0.025771894466447835
599,0.025771894466447835
600,0.025606601717798213
601,0.025606601717798213
602,0.025606601717798213
603,0.025606601717798213
604,0.025606601717798213
605,0.025606601717798213
606,0.025606601717798213
607,0.025606601717798213
608,0.025606601717798213
609,0.025606601717798213
610,0.025606601717798213
611,0.025606601717798213
612,0.025438691948884713
613,0.025438691948884713
614,0.025438691948884713
615,0.025438691948884713
616,0.025438691948884713
617,0.025438691948884713
618,0.025438691948884713
619,0.025438691948884713
620,0.025438691948884713
621,0.025438691948884713
622,0.025438691948884713
623,0.025438691948884713
624,0.025268206588930333
625,0.025268206588930333
626,0.025268206588930333
627,0.025268206588930333
628,0.025268206588930333
629,0.025268206588930333
630,0.025268206588930333
631,0.025268206588930333
632,0.025268206588930333
633,0.025268206588930333
634,0.025268206588930333
635,0.025268206588930333
636,0.025095187702646602
637,0.025095187702646602
638,0.025095187702646602
639,0.025095187702646602
640,0.025095187702646602
641,0.025095187702646602
642,0.025095187702646602
643,0.025095187702646602
644,0.025095187702646602
645,0.025095187702646602
646,0.025095187702646602
647,0.025095187702646602
648,0.02491967797985478
649,0.02491967797985478
650,0.02491967797985478
651,0.02491967797985478
652,0.02491967797985478
653,0.02491967797985478
654,0.02491967797985478
655,0.02491967797985478
656,0.02491967797985478
657,0.02491967797985478
658,0.02491967797985478
659,0.02491967797985478
660,0.024741720724952756
661,0.024741720724952756
662,0.024741720724952756
663,0.024741720724952756
664,0.024741720724952756
665,0.024741720724952756
666,0.024741720724952756
667,0.024741720724952756
668,0.024741720724952756
669,0.024741720724952756
670,0.024741720724952756
671,0.024741720724952756
672,0.024561359846230348
673,0.024561359846230348
674,0.024561359846230348
675,0.024561359846230348
676,0.024561359846230348
677,0.024561359846230348
678,0.024561359846230348
679,0.024561359846230348
680,0.024561359846230348
681,0.024561359846230348
682,0.024561359846230348
683,0.024561359846230348
684,0.02437863984503558
685,0.02437863984503558
686,0.02437863984503558
687,0.02437863984503558
688,0.02437863984503558
689,0.02437863984503558
690,0.02437863984503558
691,0.02437863984503558
692,0.02437863984503558
693,0.02437863984503558
694,0.02437863984503558
695,0.02437863984503558
696,0.024193605804794648
697,0.024193605804794648
698,0.024193605804794648
699,0.024193605804794648
700,0.024193605804794648
701,0.024193605804794648
702,0.024193605804794648
703,0.024193605804794648
704,0.024193605804794648
705,0.024193605804794648
706,0.024193605804794648
707,0.024193605804794648
708,0.02400630337988826
709,0.02400630337988826
710,0.02400630337988826
711,0.02400630337988826
712,0.02400630337988826
713,0.02400630337988826
714,0.02400630337988826
715,0.02400630337988826
716,0.02400630337988826
717,0.02400630337988826
718,0.02400630337988826
719,0.02400630337988826
720,0.023816778784387097
721,0.023816778784387097
722,0.023816778784387097
723,0.023816778784387097
724,0.023816778784387097
725,0.023816778784387097
726,0.023816778784387097
727,0.023816778784387097
728,0.023816778784387097
729,0.023816778784387097
730,0.023816778784387097
731,0.023816778784387097
732,0.023625078780649178
733,0.023625078780649178
734,0.023625078780649178
735,0.023625078780649178
736,0.023625078780649178
737,0.023625078780649178
738,0.023625078780649178
739,0.023625078780649178
740,0.023625078780649178
741,0.023625078780649178
742,0.023625078780649178
743,0.023625078780649178
744,0.023431250667781962
745,0.023431250667781962
746,0.023431250667781962
747,0.023431250667781962
748,0.023431250667781962
749,0.023431250667781962
750,0.023431250667781962
751,0.023431250667781962
752,0.023431250667781962
753,0.023431250667781962
754,0.023431250667781962
755,0.023431250667781962
756,0.023235342269971978
757,0.023235342269971978
758,0.023235342269971978
759,0.023235342269971978
760,0.023235342269971978
761,0.023235342269971978
762,0.023235342269971978
763,0.023235342269971978
764,0.023235342269971978
765,0.023235342269971978
766,0.023235342269971978
767,0.023235342269971978
768,0.02303740192468495
769,0.02303740192468495
770,0.02303740192468495
771,0.02303740192468495
772,0.02303740192468495
773,0.02303740192468495
774,0.02303740192468495
775,0.02303740192468495
776,0.02303740192468495
777,0.02303740192468495
778,0.02303740192468495
779,0.02303740192468495
780,0.022837478470739234
781,0.022837478470739234
782,0.022837478470739234
783,0.022837478470739234
784,0.022837478470739234
785,0.022837478470739234
786,0.022837478470739234
787,0.022837478470739234
788,0.022837478470739234
789,0.022837478470739234
790,0.022837478470739234
791,0.022837478470739234
792,0.022635621236255572
793,0.022635621236255572
794,0.022635621236255572
795,0.022635621236255572
796,0.022635621236255572
797,0.022635621236255572
798,0.022635621236255572
799,0.022635621236255572
800,0.022635621236255572
801,0.022635621236255572
802,0.022635621236255572
803,0.022635621236255572
804,0.022431880026486117
805,0.022431880026486117
806,0.022431880026486117
807,0.022431880026486117
808,0.022431880026486117
809,0.022431880026486117
810,0.022431880026486117
811,0.022431880026486117
812,0.022431880026486117
813,0.022431880026486117
814,0.022431880026486117
815,0.022431880026486117
816,0.02222630511152573
817,0.02222630511152573
818,0.02222630511152573
819,0.02222630511152573
820,0.02222630511152573
821,0.02222630511152573
822,0.02222630511152573
823,0.02222630511152573
824,0.02222630511152573
825,0.02222630511152573
826,0.02222630511152573
827,0.02222630511152573
828,0.022018947213908607
829,0.022018947213908607
830,0.022018947213908607
831,0.022018947213908607
832,0.022018947213908607
833,0.022018947213908607
834,0.022018947213908607
835,0.022018947213908607
836,0.022018947213908607
837,0.022018947213908607
838,0.022018947213908607
839,0.022018947213908607
840,0.021809857496093207
841,0.021809857496093207
842,0.021809857496093207
843,0.021809857496093207
844,0.021809857496093207
845,0.021809857496093207
846,0.021809857496093207
847,0.021809857496093207
848,0.021809857496093207
849,0.021809857496093207
850,0.021809857496093207
851,0.021809857496093207
852,0.02159908754783873
853,0.02159908754783873
854,0.02159908754783873
855,0.02159908754783873
856,0.02159908754783873
857,0.02159908754783873
858,0.02159908754783873
859,0.02159908754783873
860,0.02159908754783873
861,0.02159908754783873
862,0.02159908754783873
863,0.02159908754783873
864,0.021386689373476094
865,0.021386689373476094
866,0.021386689373476094
867,0.021386689373476094
868,0.021386689373476094
869,0.021386689373476094
870,0.021386689373476094
871,0.021386689373476094
872,0.021386689373476094
873,0.021386689373476094
874,0.021386689373476094
875,0.021386689373476094
876,0.021172715379076636
877,0.021172715379076636
878,0.021172715379076636
879,0.021172715379076636
880,0.021172715379076636
881,0.021172715379076636
882,0.021172715379076636
883,0.021172715379076636
884,0.021172715379076636
885,0.021172715379076636
886,0.021172715379076636
887,0.021172715379076636
888,0.02095721835952171
889,0.02095721835952171
890,0.02095721835952171
891,0.02095721835952171
892,0.02095721835952171
893,0.02095721835952171
894,0.02095721835952171
895,0.02095721835952171
896,0.02095721835952171
897,0.02095721835952171
898,0.02095721835952171
899,0.02095721835952171
900,0.02074025148547635
901,0.02074025148547635
902,0.02074025148547635
903,0.02074025148547635
904,0.02074025148547635
905,0.02074025148547635
906,0.02074025148547635
907,0.02074025148547635
908,0.02074025148547635
909,0.02074025148547635
910,0.02074025148547635
911,0.02074025148547635
912,0.020521868290270175
913,0.020521868290270175
914,0.020521868290270175
915,0.020521868290270175
916,0.020521868290270175
917,0.020521868290270175
918,0.020521868290270175
919,0.020521868290270175
920,0.020521868290270175
921,0.020521868290270175
922,0.020521868290270175
923,0.020521868290270175
924,0.02030212265668886
925,0.02030212265668886
926,0.02030212265668886
927,0.02030212265668886
928,0.02030212265668886
929,0.02030212265668886
930,0.02030212265668886
931,0.02030212265668886
932,0.02030212265668886
933,0.02030212265668886
934,0.02030212265668886
935,0.02030212265668886
936,0.020081068803679374
937,0.020081068803679374
938,0.020081068803679374
939,0.020081068803679374
940,0.020081068803679374
941,0.020081068803679374
942,0.020081068803679374
943,0.020081068803679374
944,0.020081068803679374
945,0.020081068803679374
946,0.020081068803679374
947,0.020081068803679374
948,0.01985876127297224
949,0.01985876127297224
950,0.01985876127297224
951,0.01985876127297224
952,0.01985876127297224
953,0.01985876127297224
954,0.01985876127297224
955,0.01985876127297224
956,0.01985876127297224
957,0.01985876127297224
958,0.01985876127297224
959,0.01985876127297224
960,0.01963525491562421
961,0.01963525491562421
962,0.01963525491562421
963,0.01963525491562421
964,0.01963525491562421
965,0.01963525491562421
966,0.01963525491562421
967,0.01963525491562421
968,0.01963525491562421
969,0.01963525491562421
970,0.01963525491562421
971,0.01963525491562421
972,0.019410604878484557
973,0.019410604878484557
974,0.019410604878484557
975,0.019410604878484557
976,0.019410604878484557
977,0.019410604878484557
978,0.019410604878484557
979,0.019410604878484557
980,0.019410604878484557
981,0.019410604878484557
982,0.019410604878484557
983,0.019410604878484557
984,0.019184866590588438
985,0.019184866590588438
986,0.019184866590588438
987,0.019184866590588438
988,0.019184866590588438
989,0.019184866590588438
990,0.019184866590588438
991,0.019184866590588438
992,0.019184866590588438
993,0.019184866590588438
994,0.019184866590588438
995,0.019184866590588438
996,0.018958095749480586
997,0.018958095749480586
998,0.018958095749480586
999,0.018958095749480586
1000,0.018958095749480586
1001,0.018958095749480586
1002,0.018958095749480586
1003,0.018958095749480586
1004,0.018958095749480586
1005,0.018958095749480586
1006,0.018958095749480586
1007,0.018958095749480586
1008,0.018730348307472815
1009,0.018730348307472815
1010,0.018730348307472815
1011,0.018730348307472815
1012,0.018730348307472815
1013,0.018730348307472815
1014,0.018730348307472815
1015,0.018730348307472815
1016,0.018730348307472815
1017,0.018730348307472815
1018,0.018730348307472815
1019,0.018730348307472815
1020,0.01850168045783858
1021,0.01850168045783858
1022,0.01850168045783858
1023,0.01850168045783858
1024,0.01850168045783858
1025,0.01850168045783858
1026,0.01850168045783858
1027,0.01850168045783858
1028,0.01850168045783858
1029,0.01850168045783858
1030,0.01850168045783858
1031,0.01850168045783858
1032,0.01827214862094814
1033,0.01827214862094814
1034,0.01827214862094814
1035,0.01827214862094814
1036,0.01827214862094814
1037,0.01827214862094814
1038,0.01827214862094814
1039,0.01827214862094814
1040,0.01827214862094814
1041,0.01827214862094814
1042,0.01827214862094814
1043,0.01827214862094814
1044,0.018041809430347687
1045,0.018041809430347687
1046,0.018041809430347687
1047,0.018041809430347687
1048,0.018041809430347687
1049,0.018041809430347687
1050,0.018041809430347687
1051,0.018041809430347687
1052,0.018041809430347687
1053,0.018041809430347687
1054,0.018041809430347687
1055,0.018041809430347687
1056,0.01781071971878587
1057,0.01781071971878587
1058,0.01781071971878587
1059,0.01781071971878587
1060,0.01781071971878587
1061,0.01781071971878587
1062,0.01781071971878587
1063,0.01781071971878587
1064,0.01781071971878587
1065,0.01781071971878587
1066,0.01781071971878587
1067,0.01781071971878587
1068,0.01757893650419114
1069,0.01757893650419114
1070,0.01757893650419114
1071,0.01757893650419114
1072,0.01757893650419114
1073,0.01757893650419114
1074,0.01757893650419114
1075,0.01757893650419114
1076,0.01757893650419114
1077,0.01757893650419114
1078,0.01757893650419114
1079,0.01757893650419114
1080,0.017346516975603462
1081,0.017346516975603462
1082,0.017346516975603462
1083,0.017346516975603462
1084,0.017346516975603462
1085,0.017346516975603462
1086,0.017346516975603462
1087,0.017346516975603462
1088,0.017346516975603462
1089,0.017346516975603462
1090,0.017346516975603462
1091,0.017346516975603462
1092,0.01711351847906374
1093,0.01711351847906374
1094,0.01711351847906374
1095,0.01711351847906374
1096,0.01711351847906374
1097,0.01711351847906374
1098,0.01711351847906374
1099,0.01711351847906374
1100,0.01711351847906374
1101,0.01711351847906374
1102,0.01711351847906374
1103,0.01711351847906374
1104,0.016879998503464565
1105,0.016879998503464565
1106,0.016879998503464565
1107,0.016879998503464565
1108,0.016879998503464565
1109,0.016879998503464565
1110,0.016879998503464565
1111,0.016879998503464565
1112,0.016879998503464565
1113,0.016879998503464565
1114,0.016879998503464565
1115,0.016879998503464565
1116,0.01664601466636568
1117,0.01664601466636568
1118,0.01664601466636568
1119,0.01664601466636568
1120,0.01664601466636568
1121,0.01664601466636568
1122,0.01664601466636568
1123,0.01664601466636568
1124,0.01664601466636568
1125,0.01664601466636568
1126,0.01664601466636568
1127,0.01664601466636568
1128,0.016411624699777715
1129,0.016411624699777715
1130,0.016411624699777715
1131,0.016411624699777715
1132,0.016411624699777715
1133,0.016411624699777715
1134,0.016411624699777715
1135,0.016411624699777715
1136,0.016411624699777715
1137,0.016411624699777715
1138,0.016411624699777715
1139,0.016411624699777715
1140,0.016176886435917675
1141,0.016176886435917675
1142,0.016176886435917675
1143,0.016176886435917675
1144,0.016176886435917675
1145,0.016176886435917675
1146,0.016176886435917675
1147,0.016176886435917675
1148,0.016176886435917675
1149,0.016176886435917675
1150,0.016176886435917675
1151,0.016176886435917675
1152,0.0159418577929397
1153,0.0159418577929397
1154,0.0159418577929397
1155,0.0159418577929397
1156,0.0159418577929397
1157,0.0159418577929397
1158,0.0159418577929397
1159,0.0159418577929397
1160,0.0159418577929397
1161,0.0159418577929397
1162,0.0159418577929397
1163,0.0159418577929397
1164,0.015706596760644637
1165,0.015706596760644637
1166,0.015706596760644637
1167,0.015706596760644637
1168,0.015706596760644637
1169,0.015706596760644637
1170,0.015706596760644637
1171,0.015706596760644637
1172,0.015706596760644637
1173,0.015706596760644637
1174,0.015706596760644637
1175,0.015706596760644637
1176,0.015471161386171923
1177,0.015471161386171923
1178,0.015471161386171923
1179,0.015471161386171923
1180,0.015471161386171923
1181,0.015471161386171923
1182,0.015471161386171923
1183,0.015471161386171923
1184,0.015471161386171923
1185,0.015471161386171923
1186,0.015471161386171923
1187,0.015471161386171923
1188,0.01523560975967731
1189,0.01523560975967731
1190,0.01523560975967731
1191,0.01523560975967731
1192,0.01523560975967731
1193,0.01523560975967731
1194,0.01523560975967731
1195,0.01523560975967731
1196,0.01523560975967731
1197,0.01523560975967731
1198,0.01523560975967731
1199,0.01523560975967731
1200,0.014999999999999998
1201,0.014999999999999998
1202,0.014999999999999998
1203,0.014999999999999998
1204,0.014999999999999998
1205,0.014999999999999998
1206,0.014999999999999998
1207,0.014999999999999998
1208,0.014999999999999998
1209,0.014999999999999998
1210,0.014999999999999998
1211,0.014999999999999998
1212,0.01476439024032269
1213,0.01476439024032269
1214,0.01476439024032269
1215,0.01476439024032269
1216,0.01476439024032269
1217,0.01476439024032269
1218,0.01476439024032269
1219,0.01476439024032269
1220,0.01476439024032269
1221,0.01476439024032269
1222,0.01476439024032269
1223,0.01476439024032269
1224,0.014528838613828072
1225,0.014528838613828072
1226,0.014528838613828072
1227,0.014528838613828072
1228,0.014528838613828072
1229,0.014528838613828072
1230,0.014528838613828072
1231,0.014528838613828072
1232,0.014528838613828072
1233,0.014528838613828072
1234,0.014528838613828072
1235,0.014528838613828072
1236,0.014293403239355358
1237,0.014293403239355358
1238,0.014293403239355358
1239,0.014293403239355358
1240,0.014293403239355358
1241,0.014293403239355358
1242,0.014293403239355358
1243,0.014293403239355358
1244,0.014293403239355358
1245,0.014293403239355358
1246,0.014293403239355358
1247,0.014293403239355358
1248,0.014058142207060297
1249,0.014058142207060297
1250,0.014058142207060297
1251,0.014058142207060297
1252,0.014058142207060297
1253,0.014058142207060297
1254,0.014058142207060297
1255,0.014058142207060297
1256,0.014058142207060297
1257,0.014058142207060297
1258,0.014058142207060297
1259,0.014058142207060297
1260,0.013823113564082326
1261,0.013823113564082326
1262,0.013823113564082326
1263,0.013823113564082326
1264,0.013823113564082326
1265,0.013823113564082326
1266,0.013823113564082326
1267,0.013823113564082326
1268,0.013823113564082326
1269,0.013823113564082326
1270,0.013823113564082326
1271,0.013823113564082326
1272,0.013588375300222283
1273,0.013588375300222283
1274,0.013588375300222283
1275,0.013588375300222283
1276,0.013588375300222283
1277,0.013588375300222283
1278,0.013588375300222283
1279,0.013588375300222283
1280,0.013588375300222283
1281,0.013588375300222283
1282,0.013588375300222283
1283,0.013588375300222283
1284,0.013353985333634319
1285,0.013353985333634319
1286,0.013353985333634319
1287,0.013353985333634319
1288,0.013353985333634319
1289,0.013353985333634319
1290,0.013353985333634319
1291,0.013353985333634319
1292,0.013353985333634319
1293,0.013353985333634319
1294,0.013353985333634319
1295,0.013353985333634319
1296,0.013120001496535435
1297,0.013120001496535435
1298,0.013120001496535435
1299,0.013120001496535435
1300,0.013120001496535435
1301,0.013120001496535435
1302,0.013120001496535435
1303,0.013120001496535435
1304,0.013120001496535435
1305,0.013120001496535435
1306,0.013120001496535435
1307,0.013120001496535435
1308,0.012886481520936261
1309,0.012886481520936261
1310,0.012886481520936261
1311,0.012886481520936261
1312,0.012886481520936261
1313,0.012886481520936261
1314,0.012886481520936261
1315,0.012886481520936261
1316,0.012886481520936261
1317,0.012886481520936261
1318,0.012886481520936261
1319,0.012886481520936261
1320,0.012653483024396535
1321,0.012653483024396535
1322,0.012653483024396535
1323,0.012653483024396535
1324,0.012653483024396535
1325,0.012653483024396535
1326,0.012653483024396535
1327,0.012653483024396535
1328,0.012653483024396535
1329,0.012653483024396535
1330,0.012653483024396535
1331,0.012653483024396535
1332,0.012421063495808854
1333,0.012421063495808854
1334,0.012421063495808854
1335,0.012421063495808854
1336,0.012421063495808854
1337,0.012421063495808854
1338,0.012421063495808854
1339,0.012421063495808854
1340,0.012421063495808854
1341,0.012421063495808854
1342,0.012421063495808854
1343,0.012421063495808854
1344,0.01218928028121413
1345,0.01218928028121413
1346,0.01218928028121413
1347,0.01218928028121413
1348,0.01218928028121413
1349,0.01218928028121413
1350,0.01218928028121413
1351,0.01218928028121413
1352,0.01218928028121413
1353,0.01218928028121413
1354,0.01218928028121413
1355,0.01218928028121413
1356,0.011958190569652314
1357,0.011958190569652314
1358,0.011958190569652314
1359,0.011958190569652314
1360,0.011958190569652314
1361,0.011958190569652314
1362,0.011958190569652314
1363,0.011958190569652314
1364,0.011958190569652314
1365,0.011958190569652314
1366,0.011958190569652314
1367,0.011958190569652314
1368,0.011727851379051865
1369,0.011727851379051865
1370,0.011727851379051865
1371,0.011727851379051865
1372,0.011727851379051865
1373,0.011727851379051865
1374,0.011727851379051865
1375,0.011727851379051865
1376,0.011727851379051865
1377,0.011727851379051865
1378,0.011727851379051865
1379,0.011727851379051865
1380,0.011498319542161416
1381,0.011498319542161416
1382,0.011498319542161416
1383,0.011498319542161416
1384,0.011498319542161416
1385,0.011498319542161416
1386,0.011498319542161416
1387,0.011498319542161416
1388,0.011498319542161416
1389,0.011498319542161416
1390,0.011498319542161416
1391,0.011498319542161416
1392,0.011269651692527177
1393,0.011269651692527177
1394,0.011269651692527177
1395,0.011269651692527177
1396,0.011269651692527177
1397,0.011269651692527177
1398,0.011269651692527177
1399,0.011269651692527177
1400,0.011269651692527177
1401,0.011269651692527177
1402,0.011269651692527177
1403,0.011269651692527177
1404,0.011041904250519406
1405,0.011041904250519406
1406,0.011041904250519406
1407,0.011041904250519406
1408,0.011041904250519406
1409,0.011041904250519406
1410,0.011041904250519406
1411,0.011041904250519406
1412,0.011041904250519406
1413,0.011041904250519406
1414,0.011041904250519406
1415,0.011041904250519406
1416,0.010815133409411561
1417,0.010815133409411561
1418,0.010815133409411561
1419,0.010815133409411561
1420,0.010815133409411561
1421,0.010815133409411561
1422,0.010815133409411561
1423,0.010815133409411561
1424,0.010815133409411561
1425,0.010815133409411561
1426,0.010815133409411561
1427,0.010815133409411561
1428,0.010589395121515442
1429,0.010589395121515442
1430,0.010589395121515442
1431,0.010589395121515442
1432,0.010589395121515442
1433,0.010589395121515442
1434,0.010589395121515442
1435,0.010589395121515442
1436,0.010589395121515442
1437,0.010589395121515442
1438,0.010589395121515442
1439,0.010589395121515442
1440,0.010364745084375793
1441,0.010364745084375793
1442,0.010364745084375793
1443,0.010364745084375793
1444,0.010364745084375793
1445,0.010364745084375793
1446,0.010364745084375793
1447,0.010364745084375793
1448,0.010364745084375793
1449,0.010364745084375793
1450,0.010364745084375793
1451,0.010364745084375793
1452,0.010141238727027758
1453,0.010141238727027758
1454,0.010141238727027758
1455,0.010141238727027758
1456,0.010141238727027758
1457,0.010141238727027758
1458,0.010141238727027758
1459,0.010141238727027758
1460,0.010141238727027758
1461,0.010141238727027758
1462,0.010141238727027758
1463,0.010141238727027758
1464,0.009918931196320629
1465,0.009918931196320629
1466,0.009918931196320629
1467,0.009918931196320629
1468,0.009918931196320629
1469,0.009918931196320629
1470,0.009918931196320629
1471,0.009918931196320629
1472,0.009918931196320629
1473,0.009918931196320629
1474,0.009918931196320629
1475,0.009918931196320629
1476,0.009697877343311144
1477,0.009697877343311144
1478,0.009697877343311144
1479,0.009697877343311144
1480,0.009697877343311144
1481,0.009697877343311144
1482,0.009697877343311144
1483,0.009697877343311144
1484,0.009697877343311144
1485,0.009697877343311144
1486,0.009697877343311144
1487,0.009697877343311144
1488,0.009478131709729833
1489,0.009478131709729833
1490,0.009478131709729833
1491,0.009478131709729833
1492,0.009478131709729833
1493,0.009478131709729833
1494,0.009478131709729833
1495,0.009478131709729833
1496,0.009478131709729833
1497,0.009478131709729833
1498,0.009478131709729833
1499,0.009478131709729833
1500,0.009259748514523656
1501,0.009259748514523656
1502,0.009259748514523656
1503,0.009259748514523656
1504,0.009259748514523656
1505,0.009259748514523656
1506,0.009259748514523656
1507,0.009259748514523656
1508,0.009259748514523656
1509,0.009259748514523656
1510,0.009259748514523656
1511,0.009259748514523656
1512,0.009042781640478288
1513,0.009042781640478288
1514,0.009042781640478288
1515,0.009042781640478288
1516,0.009042781640478288
1517,0.009042781640478288
1518,0.009042781640478288
1519,0.009042781640478288
1520,0.009042781640478288
1521,0.009042781640478288
1522,0.009042781640478288
1523,0.009042781640478288
1524,0.008827284620923368
1525,0.008827284620923368
1526,0.008827284620923368
1527,0.008827284620923368
1528,0.008827284620923368
1529,0.008827284620923368
1530,0.008827284620923368
1531,0.008827284620923368
1532,0.008827284620923368
1533,0.008827284620923368
1534,0.008827284620923368
1535,0.008827284620923368
1536,0.00861331062652391
1537,0.00861331062652391
1538,0.00861331062652391
1539,0.00861331062652391
1540,0.00861331062652391
1541,0.00861331062652391
1542,0.00861331062652391
1543,0.00861331062652391
1544,0.00861331062652391
1545,0.00861331062652391
1546,0.00861331062652391
1547,0.00861331062652391
1548,0.008400912452161272
1549,0.008400912452161272
1550,0.008400912452161272
1551,0.008400912452161272
1552,0.008400912452161272
1553,0.008400912452161272
1554,0.008400912452161272
1555,0.008400912452161272
1556,0.008400912452161272
1557,0.008400912452161272
1558,0.008400912452161272
1559,0.008400912452161272
1560,0.0081901425039068
1561,0.0081901425039068
1562,0.0081901425039068
1563,0.0081901425039068
1564,0.0081901425039068
1565,0.0081901425039068
1566,0.0081901425039068
1567,0.0081901425039068
1568,0.0081901425039068
1569,0.0081901425039068
1570,0.0081901425039068
1571,0.0081901425039068
1572,0.007981052786091403
1573,0.007981052786091403
1574,0.007981052786091403
1575,0.007981052786091403
1576,0.007981052786091403
1577,0.007981052786091403
1578,0.007981052786091403
1579,0.007981052786091403
1580,0.007981052786091403
1581,0.007981052786091403
1582,0.007981052786091403
1583,0.007981052786091403
1584,0.007773694888474269
1585,0.007773694888474269
1586,0.007773694888474269
1587,0.007773694888474269
1588,0.007773694888474269
1589,0.007773694888474269
1590,0.007773694888474269
1591,0.007773694888474269
1592,0.007773694888474269
1593,0.007773694888474269
1594,0.007773694888474269
1595,0.007773694888474269
1596,0.007568119973513887
1597,0.007568119973513887
1598,0.007568119973513887
1599,0.007568119973513887
1600,0.007568119973513887
1601,0.007568119973513887
1602,0.007568119973513887
1603,0.007568119973513887
1604,0.007568119973513887
1605,0.007568119973513887
1606,0.007568119973513887
1607,0.007568119973513887
1608,0.007364378763744431
1609,0.007364378763744431
1610,0.007364378763744431
1611,0.007364378763744431
1612,0.007364378763744431
1613,0.007364378763744431
1614,0.007364378763744431
1615,0.007364378763744431
1616,0.007364378763744431
1617,0.007364378763744431
1618,0.007364378763744431
1619,0.007364378763744431
1620,0.007162521529260769
1621,0.007162521529260769
1622,0.007162521529260769
1623,0.007162521529260769
1624,0.007162521529260769
1625,0.007162521529260769
1626,0.007162521529260769
1627,0.007162521529260769
1628,0.007162521529260769
1629,0.007162521529260769
1630,0.007162521529260769
1631,0.007162521529260769
1632,0.006962598075315047
1633,0.006962598075315047
1634,0.006962598075315047
1635,0.006962598075315047
1636,0.006962598075315047
1637,0.006962598075315047
1638,0.006962598075315047
1639,0.006962598075315047
1640,0.006962598075315047
1641,0.006962598075315047
1642,0.006962598075315047
1643,0.006962598075315047
1644,0.006764657730028022
1645,0.006764657730028022
1646,0.006764657730028022
1647,0.006764657730028022
1648,0.006764657730028022
1649,0.006764657730028022
1650,0.006764657730028022
1651,0.006764657730028022
1652,0.006764657730028022
1653,0.006764657730028022
1654,0.006764657730028022
1655,0.006764657730028022
1656,0.00656874933221804
1657,0.00656874933221804
1658,0.00656874933221804
1659,0.00656874933221804
1660,0.00656874933221804
1661,0.00656874933221804
1662,0.00656874933221804
1663,0.00656874933221804
1664,0.00656874933221804
1665,0.00656874933221804
1666,0.00656874933221804
1667,0.00656874933221804
1668,0.006374921219350822
1669,0.006374921219350822
1670,0.006374921219350822
1671,0.006374921219350822
1672,0.006374921219350822
1673,0.006374921219350822
1674,0.006374921219350822
1675,0.006374921219350822
1676,0.006374921219350822
1677,0.006374921219350822
1678,0.006374921219350822
1679,0.006374921219350822
1680,0.006183221215612905
1681,0.006183221215612905
1682,0.006183221215612905
1683,0.006183221215612905
1684,0.006183221215612905
1685,0.006183221215612905
1686,0.006183221215612905
1687,0.006183221215612905
1688,0.006183221215612905
1689,0.006183221215612905
1690,0.006183221215612905
1691,0.006183221215612905
1692,0.005993696620111742
1693,0.005993696620111742
1694,0.005993696620111742
1695,0.005993696620111742
1696,0.005993696620111742
1697,0.005993696620111742
1698,0.005993696620111742
1699,0.005993696620111742
1700,0.005993696620111742
1701,0.005993696620111742
1702,0.005993696620111742
1703,0.005993696620111742
1704,0.005806394195205351
1705,0.005806394195205351
1706,0.005806394195205351
1707,0.005806394195205351
1708,0.005806394195205351
1709,0.005806394195205351
1710,0.005806394195205351
1711,0.005806394195205351
1712,0.005806394195205351
1713,0.005806394195205351
1714,0.005806394195205351
1715,0.005806394195205351
1716,0.005621360154964422
1717,0.005621360154964422
1718,0.005621360154964422
1719,0.005621360154964422
1720,0.005621360154964422
1721,0.005621360154964422
1722,0.005621360154964422
1723,0.005621360154964422
1724,0.005621360154964422
1725,0.005621360154964422
1726,0.005621360154964422
1727,0.005621360154964422
1728,0.005438640153769654
1729,0.005438640153769654
1730,0.005438640153769654
1731,0.005438640153769654
1732,0.005438640153769654
1733,0.005438640153769654
1734,0.005438640153769654
1735,0.005438640153769654
1736,0.005438640153769654
1737,0.005438640153769654
1738,0.005438640153769654
1739,0.005438640153769654
1740,0.0052582792750472465
1741,0.0052582792750472465
1742,0.0052582792750472465
1743,0.0052582792750472465
1744,0.0052582792750472465
1745,0.0052582792750472465
1746,0.0052582792750472465
1747,0.0052582792750472465
1748,0.0052582792750472465
1749,0.0052582792750472465
1750,0.0052582792750472465
1751,0.0052582792750472465
1752,0.005080322020145224
1753,0.005080322020145224
1754,0.005080322020145224
1755,0.005080322020145224
1756,0.005080322020145224
1757,0.005080322020145224
1758,0.005080322020145224
1759,0.005080322020145224
1760,0.005080322020145224
1761,0.005080322020145224
1762,0.005080322020145224
1763,0.005080322020145224
1764,0.0049048122973533986
1765,0.0049048122973533986
1766,0.0049048122973533986
1767,0.0049048122973533986
1768,0.0049048122973533986
1769,0.0049048122973533986
1770,0.0049048122973533986
1771,0.0049048122973533986
1772,0.0049048122973533986
1773,0.0049048122973533986
1774,0.0049048122973533986
1775,0.0049048122973533986
1776,0.004731793411069669
1777,0.004731793411069669
1778,0.004731793411069669
1779,0.004731793411069669
1780,0.004731793411069669
1781,0.004731793411069669
1782,0.004731793411069669
1783,0.004731793411069669
1784,0.004731793411069669
1785,0.004731793411069669
1786,0.004731793411069669
1787,0.004731793411069669
1788,0.004561308051115286
1789,0.004561308051115286
1790,0.004561308051115286
1791,0.004561308051115286
1792,0.004561308051115286
1793,0.004561308051115286
1794,0.004561308051115286
1795,0.004561308051115286
1796,0.004561308051115286
1797,0.004561308051115286
1798,0.004561308051115286
1799,0.004561308051115286
1800,0.004393398282201789
1801,0.004393398282201789
1802,0.004393398282201789
1803,0.004393398282201789
1804,0.004393398282201789
1805,0.004393398282201789
1806,0.004393398282201789
1807,0.004393398282201789
1808,0.004393398282201789
1809,0.004393398282201789
1810,0.004393398282201789
1811,0.004393398282201789
1812,0.00422810553355217
1813,0.00422810553355217
1814,0.00422810553355217
1815,0.00422810553355217
1816,0.00422810553355217
1817,0.00422810553355217
1818,0.00422810553355217
1819,0.00422810553355217
1820,0.00422810553355217
1821,0.00422810553355217
1822,0.00422810553355217
1823,0.00422810553355217
1824,0.00406547058867883
1825,0.00406547058867883
1826,0.00406547058867883
1827,0.00406547058867883
1828,0.00406547058867883
1829,0.00406547058867883
1830,0.00406547058867883
1831,0.00406547058867883
1832,0.00406547058867883
1833,0.00406547058867883
1834,0.00406547058867883
1835,0.00406547058867883
1836,0.0039055335753208536
1837,0.0039055335753208536
1838,0.0039055335753208536
1839,0.0039055335753208536
1840,0.0039055335753208536
1841,0.0039055335753208536
1842,0.0039055335753208536
1843,0.0039055335753208536
1844,0.0039055335753208536
1845,0.0039055335753208536
1846,0.0039055335753208536
1847,0.0039055335753208536
1848,0.0037483339555431064
1849,0.0037483339555431064
1850,0.0037483339555431064
1851,0.0037483339555431064
1852,0.0037483339555431064
1853,0.0037483339555431064
1854,0.0037483339555431064
1855,0.0037483339555431064
1856,0.0037483339555431064
1857,0.0037483339555431064
1858,0.0037483339555431064
1859,0.0037483339555431064
1860,0.0035939105159995366
1861,0.0035939105159995366
1862,0.0035939105159995366
1863,0.0035939105159995366
1864,0.0035939105159995366
1865,0.0035939105159995366
1866,0.0035939105159995366
1867,0.0035939105159995366
1868,0.0035939105159995366
1869,0.0035939105159995366
1870,0.0035939105159995366
1871,0.0035939105159995366
1872,0.0034423013583631634
1873,0.0034423013583631634
1874,0.0034423013583631634
1875,0.0034423013583631634
1876,0.0034423013583631634
1877,0.0034423013583631634
1878,0.0034423013583631634
1879,0.0034423013583631634
1880,0.0034423013583631634
1881,0.0034423013583631634
1882,0.0034423013583631634
1883,0.0034423013583631634
1884,0.0032935438899250567
1885,0.0032935438899250567
1886,0.0032935438899250567
1887,0.0032935438899250567
1888,0.0032935438899250567
1889,0.0032935438899250567
1890,0.0032935438899250567
1891,0.0032935438899250567
1892,0.0032935438899250567
1893,0.0032935438899250567
1894,0.0032935438899250567
1895,0.0032935438899250567
1896,0.0031476748143646443
1897,0.0031476748143646443
1898,0.0031476748143646443
1899,0.0031476748143646443
1900,0.0031476748143646443
1901,0.0031476748143646443
1902,0.0031476748143646443
1903,0.0031476748143646443
1904,0.0031476748143646443
1905,0.0031476748143646443
1906,0.0031476748143646443
1907,0.0031476748143646443
1908,0.003004730122693642
1909,0.003004730122693642
1910,0.003004730122693642
1911,0.003004730122693642
1912,0.003004730122693642
1913,0.003004730122693642
1914,0.003004730122693642
1915,0.003004730122693642
1916,0.003004730122693642
1917,0.003004730122693642
1918,0.003004730122693642
1919,0.003004730122693642
1920,0.0028647450843757903
1921,0.0028647450843757903
1922,0.0028647450843757903
1923,0.0028647450843757903
1924,0.0028647450843757903
1925,0.0028647450843757903
1926,0.0028647450843757903
1927,0.0028647450843757903
1928,0.0028647450843757903
1929,0.0028647450843757903
1930,0.0028647450843757903
1931,0.0028647450843757903
1932,0.002727754238624651
1933,0.002727754238624651
1934,0.002727754238624651
1935,0.002727754238624651
1936,0.002727754238624651
1937,0.002727754238624651
1938,0.002727754238624651
1939,0.002727754238624651
1940,0.002727754238624651
1941,0.002727754238624651
1942,0.002727754238624651
1943,0.002727754238624651
1944,0.0025937913858815748
1945,0.0025937913858815748
1946,0.0025937913858815748
1947,0.0025937913858815748
1948,0.0025937913858815748
1949,0.0025937913858815748
1950,0.0025937913858815748
1951,0.0025937913858815748
1952,0.0025937913858815748
1953,0.0025937913858815748
1954,0.0025937913858815748
1955,0.0025937913858815748
1956,0.0024628895794759497
1957,0.0024628895794759497
1958,0.0024628895794759497
1959,0.0024628895794759497
1960,0.0024628895794759497
1961,0.0024628895794759497
1962,0.0024628895794759497
1963,0.0024628895794759497
1964,0.0024628895794759497
1965,0.0024628895794759497
1966,0.0024628895794759497
1967,0.0024628895794759497
1968,0.0023350811174697775
1969,0.0023350811174697775
1970,0.0023350811174697775
1971,0.0023350811174697775
1972,0.0023350811174697775
1973,0.0023350811174697775
1974,0.0023350811174697775
1975,0.0023350811174697775
1976,0.0023350811174697775
1977,0.0023350811174697775
1978,0.0023350811174697775
1979,0.0023350811174697775
1980,0.0022103975346886213
1981,0.0022103975346886213
1982,0.0022103975346886213
1983,0.0022103975346886213
1984,0.0022103975346886213
1985,0.0022103975346886213
1986,0.0022103975346886213
1987,0.0022103975346886213
1988,0.0022103975346886213
1989,0.0022103975346886213
1990,0.0022103975346886213
1991,0.0022103975346886213
1992,0.002088869594940844
1993,0.002088869594940844
1994,0.002088869594940844
1995,0.002088869594940844
1996,0.002088869594940844
1997,0.002088869594940844
1998,0.002088869594940844
1999,0.002088869594940844
2000,0.002088869594940844
2001,0.002088869594940844
2002,0.002088869594940844
2003,0.002088869594940844
2004,0.001970527283427131
2005,0.001970527283427131
2006,0.001970527283427131
2007,0.001970527283427131
2008,0.001970527283427131
2009,0.001970527283427131
2010,0.001970527283427131
2011,0.001970527283427131
2012,0.001970527283427131
2013,0.001970527283427131
2014,0.001970527283427131
2015,0.001970527283427131
2016,0.0018553997993420467
2017,0.0018553997993420467
2018,0.0018553997993420467
2019,0.0018553997993420467
2020,0.0018553997993420467
2021,0.0018553997993420467
2022,0.0018553997993420467
2023,0.0018553997993420467
2024,0.0018553997993420467
2025,0.0018553997993420467
2026,0.0018553997993420467
2027,0.0018553997993420467
2028,0.0017435155486695986
2029,0.0017435155486695986
2030,0.0017435155486695986
2031,0.0017435155486695986
2032,0.0017435155486695986
2033,0.0017435155486695986
2034,0.0017435155486695986
2035,0.0017435155486695986
2036,0.0017435155486695986
2037,0.0017435155486695986
2038,0.0017435155486695986
2039,0.0017435155486695986
2040,0.0016349021371744837
2041,0.0016349021371744837
2042,0.0016349021371744837
2043,0.0016349021371744837
2044,0.0016349021371744837
2045,0.0016349021371744837
2046,0.0016349021371744837
2047,0.0016349021371744837
2048,0.0016349021371744837
2049,0.0016349021371744837
2050,0.0016349021371744837
2051,0.0016349021371744837
2052,0.0015295863635907674
2053,0.0015295863635907674
2054,0.0015295863635907674
2055,0.0015295863635907674
2056,0.0015295863635907674
2057,0.0015295863635907674
2058,0.0015295863635907674
2059,0.0015295863635907674
2060,0.0015295863635907674
2061,0.0015295863635907674
2062,0.0015295863635907674
2063,0.0015295863635907674
2064,0.00142759421300971
2065,0.00142759421300971
2066,0.00142759421300971
2067,0.00142759421300971
2068,0.00142759421300971
2069,0.00142759421300971
2070,0.00142759421300971
2071,0.00142759421300971
2072,0.00142759421300971
2073,0.00142759421300971
2074,0.00142759421300971
2075,0.00142759421300971
2076,0.0013289508504683244
2077,0.0013289508504683244
2078,0.0013289508504683244
2079,0.0013289508504683244
2080,0.0013289508504683244
2081,0.0013289508504683244
2082,0.0013289508504683244
2083,0.0013289508504683244
2084,0.0013289508504683244
2085,0.0013289508504683244
2086,0.0013289508504683244
2087,0.0013289508504683244
2088,0.0012336806147402867
2089,0.0012336806147402867
2090,0.0012336806147402867
2091,0.0012336806147402867
2092,0.0012336806147402867
2093,0.0012336806147402867
2094,0.0012336806147402867
2095,0.0012336806147402867
2096,0.0012336806147402867
2097,0.0012336806147402867
2098,0.0012336806147402867
2099,0.0012336806147402867
2100,0.0011418070123307025
2101,0.0011418070123307025
2102,0.0011418070123307025
2103,0.0011418070123307025
2104,0.0011418070123307025
2105,0.0011418070123307025
2106,0.0011418070123307025
2107,0.0011418070123307025
2108,0.0011418070123307025
2109,0.0011418070123307025
2110,0.0011418070123307025
2111,0.0011418070123307025
2112,0.0010533527116762301
2113,0.0010533527116762301
2114,0.0010533527116762301
2115,0.0010533527116762301
2116,0.0010533527116762301
2117,0.0010533527116762301
2118,0.0010533527116762301
2119,0.0010533527116762301
2120,0.0010533527116762301
2121,0.0010533527116762301
2122,0.0010533527116762301
2123,0.0010533527116762301
2124,0.0009683395375519897
2125,0.0009683395375519897
2126,0.0009683395375519897
2127,0.0009683395375519897
2128,0.0009683395375519897
2129,0.0009683395375519897
2130,0.0009683395375519897
2131,0.0009683395375519897
2132,0.0009683395375519897
2133,0.0009683395375519897
2134,0.0009683395375519897
2135,0.0009683395375519897
2136,0.0008867884656866185
2137,0.0008867884656866185
2138,0.0008867884656866185
2139,0.0008867884656866185
2140,0.0008867884656866185
2141,0.0008867884656866185
2142,0.0008867884656866185
2143,0.0008867884656866185
2144,0.0008867884656866185
2145,0.0008867884656866185
2146,0.0008867884656866185
2147,0.0008867884656866185
2148,0.0008087196175868208
2149,0.0008087196175868208
2150,0.0008087196175868208
2151,0.0008087196175868208
2152,0.0008087196175868208
2153,0.0008087196175868208
2154,0.0008087196175868208
2155,0.0008087196175868208
2156,0.0008087196175868208
2157,0.0008087196175868208
2158,0.0008087196175868208
2159,0.0008087196175868208
2160,0.0007341522555726973
2161,0.0007341522555726973
2162,0.0007341522555726973
2163,0.0007341522555726973
2164,0.0007341522555726973
2165,0.0007341522555726973
2166,0.0007341522555726973
2167,0.0007341522555726973
2168,0.0007341522555726973
2169,0.0007341522555726973
2170,0.0007341522555726973
2171,0.0007341522555726973
2172,0.0006631047780250484
2173,0.0006631047780250484
2174,0.0006631047780250484
2175,0.0006631047780250484
2176,0.0006631047780250484
2177,0.0006631047780250484
2178,0.0006631047780250484
2179,0.0006631047780250484
2180,0.0006631047780250484
2181,0.0006631047780250484
2182,0.0006631047780250484
2183,0.0006631047780250484
2184,0.0005955947148458559
2185,0.0005955947148458559
2186,0.0005955947148458559
2187,0.0005955947148458559
2188,0.0005955947148458559
2189,0.0005955947148458559
2190,0.0005955947148458559
2191,0.0005955947148458559
2192,0.0005955947148458559
2193,0.0005955947148458559
2194,0.0005955947148458559
2195,0.0005955947148458559
2196,0.0005316387231330306
2197,0.0005316387231330306
2198,0.0005316387231330306
2199,0.0005316387231330306
2200,0.0005316387231330306
2201,0.0005316387231330306
2202,0.0005316387231330306
2203,0.0005316387231330306
2204,0.0005316387231330306
2205,0.0005316387231330306
2206,0.0005316387231330306
2207,0.0005316387231330306
2208,0.00047125258307053567
2209,0.00047125258307053567
2210,0.00047125258307053567
2211,0.00047125258307053567
2212,0.00047125258307053567
2213,0.00047125258307053567
2214,0.00047125258307053567
2215,0.00047125258307053567
2216,0.00047125258307053567
2217,0.00047125258307053567
2218,0.00047125258307053567
2219,0.00047125258307053567
2220,0.0004144511940348518
2221,0.0004144511940348518
2222,0.0004144511940348518
2223,0.0004144511940348518
2224,0.0004144511940348518
2225,0.0004144511940348518
2226,0.0004144511940348518
2227,0.0004144511940348518
2228,0.0004144511940348518
2229,0.0004144511940348518
2230,0.0004144511940348518
2231,0.0004144511940348518
2232,0.00036124857091879027
2233,0.00036124857091879027
2234,0.00036124857091879027
2235,0.00036124857091879027
2236,0.00036124857091879027
2237,0.00036124857091879027
2238,0.00036124857091879027
2239,0.00036124857091879027
2240,0.00036124857091879027
2241,0.00036124857091879027
2242,0.00036124857091879027
2243,0.00036124857091879027
2244,0.0003116578406735122
2245,0.0003116578406735122
2246,0.0003116578406735122
2247,0.0003116578406735122
2248,0.0003116578406735122
2249,0.0003116578406735122
2250,0.0003116578406735122
2251,0.0003116578406735122
2252,0.0003116578406735122
2253,0.0003116578406735122
2254,0.0003116578406735122
2255,0.0003116578406735122
2256,0.00026569123906966925
2257,0.00026569123906966925
2258,0.00026569123906966925
2259,0.00026569123906966925
2260,0.00026569123906966925
2261,0.00026569123906966925
2262,0.00026569123906966925
2263,0.00026569123906966925
2264,0.00026569123906966925
2265,0.00026569123906966925
2266,0.00026569123906966925
2267,0.00026569123906966925
2268,0.00022336010767839203
2269,0.00022336010767839203
2270,0.00022336010767839203
2271,0.00022336010767839203
2272,0.00022336010767839203
2273,0.00022336010767839203
2274,0.00022336010767839203
2275,0.00022336010767839203
2276,0.00022336010767839203
2277,0.00022336010767839203
2278,0.00022336010767839203
2279,0.00022336010767839203
2280,0.00018467489107293515
2281,0.00018467489107293515
2282,0.00018467489107293515
2283,0.00018467489107293515
2284,0.00018467489107293515
2285,0.00018467489107293515
2286,0.00018467489107293515
2287,0.00018467489107293515
2288,0.00018467489107293515
2289,0.00018467489107293515
2290,0.00018467489107293515
2291,0.00018467489107293515
2292,0.000149645134251637
2293,0.000149645134251637
2294,0.000149645134251637
2295,0.000149645134251637
2296,0.000149645134251637
2297,0.000149645134251637
2298,0.000149645134251637
2299,0.000149645134251637
2300,0.000149645134251637
2301,0.000149645134251637
2302,0.000149645134251637
2303,0.000149645134251637
2304,0.00011827948028283357
2305,0.00011827948028283357
2306,0.00011827948028283357
2307,0.00011827948028283357
2308,0.00011827948028283357
2309,0.00011827948028283357
2310,0.00011827948028283357
2311,0.00011827948028283357
2312,0.00011827948028283357
2313,0.00011827948028283357
2314,0.00011827948028283357
2315,0.00011827948028283357
2316,9.05856681723061e-05
2317,9.05856681723061e-05
2318,9.05856681723061e-05
2319,9.05856681723061e-05
2320,9.05856681723061e-05
2321,9.05856681723061e-05
2322,9.05856681723061e-05
2323,9.05856681723061e-05
2324,9.05856681723061e-05
2325,9.05856681723061e-05
2326,9.05856681723061e-05
2327,9.05856681723061e-05
2328,6.657053095380007e-05
2329,6.657053095380007e-05
2330,6.657053095380007e-05
2331,6.657053095380007e-05
2332,6.657053095380007e-05
2333,6.657053095380007e-05
2334,6.657053095380007e-05
2335,6.657053095380007e-05
2336,6.657053095380007e-05
2337,6.657053095380007e-05
2338,6.657053095380007e-05
2339,6.657053095380007e-05
2340,4.623999400308055e-05
2341,4.623999400308055e-05
2342,4.623999400308055e-05
2343,4.623999400308055e-05
2344,4.623999400308055e-05
2345,4.623999400308055e-05
2346,4.623999400308055e-05
2347,4.623999400308055e-05
2348,4.623999400308055e-05
2349,4.623999400308055e-05
2350,4.623999400308055e-05
2351,4.623999400308055e-05
2352,2.959907357592662e-05
2353,2.959907357592662e-05
2354,2.959907357592662e-05
2355,2.959907357592662e-05
2356,2.959907357592662e-05
2357,2.959907357592662e-05
2358,2.959907357592662e-05
2359,2.959907357592662e-05
2360,2.959907357592662e-05
2361,2.959907357592662e-05
2362,2.959907357592662e-05
2363,2.959907357592662e-05
2364,1.665187557045145e-05
2365,1.665187557045145e-05
2366,1.665187557045145e-05
2367,1.665187557045145e-05
2368,1.665187557045145e-05
2369,1.665187557045145e-05
2370,1.665187557045145e-05
2371,1.665187557045145e-05
2372,1.665187557045145e-05
2373,1.665187557045145e-05
2374,1.665187557045145e-05
2375,1.665187557045145e-05
2376,7.401594514026e-06
2377,7.401594514026e-06
2378,7.401594514026e-06
2379,7.401594514026e-06
2380,7.401594514026e-06
2381,7.401594514026e-06
2382,7.401594514026e-06
2383,7.401594514026e-06
2384,7.401594514026e-06
2385,7.401594514026e-06
2386,7.401594514026e-06
2387,7.401594514026e-06
2388,1.8505127750911846e-06
2389,1.8505127750911846e-06
2390,1.8505127750911846e-06
2391,1.8505127750911846e-06
2392,1.8505127750911846e-06
2393,1.8505127750911846e-06
2394,1.8505127750911846e-06
2395,1.8505127750911846e-06
2396,1.8505127750911846e-06
2397,1.8505127750911846e-06
2398,1.8505127750911846e-06
2399,1.8505127750911846e-06
